station_Borgo Valsugana,station_Monte Gaza,station_Parco S. Chiara,station_Piana Rotaliana,station_Riva del Garda,station_Rovereto,station_Via Bolzano,elevation,day,cos_week_day,sin_week_day,temperature,precipitation,PM10_1,PM10_2,PM10_diff_1,NO2_1,power_area_50_1,target
1,0,0,0,0,0,0,410,3,0.6234898018587334,-0.7818314824680299,11.231521739130434,0.013043478260869568,28.869565217391305,25.73913043478261,3.1304347826086953,21.08695652173913,18.197335155890297,23.652173913043477
1,0,0,0,0,0,0,410,4,1.0,0.0,10.796739130434784,0.12608695652173912,23.652173913043477,28.869565217391305,-5.217391304347828,18.82608695652174,17.47847537615935,14.73913043478261
1,0,0,0,0,0,0,410,5,0.6234898018587336,0.7818314824680297,7.609782608695652,0.02826086956521739,14.73913043478261,23.652173913043477,-8.913043478260867,26.73913043478261,37.20039975444744,17.0
1,0,0,0,0,0,0,410,6,-0.22252093395631434,0.9749279121818236,9.641304347826088,0.0,17.0,14.73913043478261,2.2608695652173907,25.91304347826087,37.421266267979355,14.73913043478261
1,0,0,0,0,0,0,410,7,-0.900968867902419,0.43388373911755823,9.980434782608697,0.0,14.73913043478261,17.0,-2.2608695652173907,26.956521739130434,35.957377099386726,26.08695652173913
1,0,0,0,0,0,0,410,8,-0.9009688679024191,-0.433883739117558,8.371739130434783,0.0,26.08695652173913,14.73913043478261,11.34782608695652,27.26086956521739,37.3667606938135,34.0
1,0,0,0,0,0,0,410,9,-0.2225209339563146,-0.9749279121818235,9.639130434782608,0.017391304347826087,34.0,26.08695652173913,7.913043478260871,25.217391304347824,36.440558176225096,19.17391304347826
1,0,0,0,0,0,0,410,10,0.6234898018587334,-0.7818314824680299,10.21195652173913,0.2434782608695652,19.17391304347826,34.0,-14.826086956521738,21.869565217391305,16.39111853526051,8.956521739130435
1,0,0,0,0,0,0,410,11,1.0,0.0,6.825,0.0,8.956521739130435,19.17391304347826,-10.217391304347826,14.826086956521738,18.65250752333307,4.521739130434782
1,0,0,0,0,0,0,410,12,0.6234898018587336,0.7818314824680297,11.504347826086958,0.0,4.521739130434782,8.956521739130435,-4.434782608695653,13.91304347826087,36.32641333400467,22.142857142857142
1,0,0,0,0,0,0,410,13,-0.22252093395631434,0.9749279121818236,7.877272727272728,0.0,22.142857142857142,4.521739130434782,17.62111801242236,34.857142857142854,37.41715803124518,34.91304347826087
1,0,0,0,0,0,0,410,14,-0.900968867902419,0.43388373911755823,8.356521739130434,0.008695652173913044,34.91304347826087,22.142857142857142,12.770186335403725,35.0,37.65381077196358,27.681818181818183
1,0,0,0,0,0,0,410,15,-0.9009688679024191,-0.433883739117558,7.575,0.07608695652173914,27.681818181818183,34.91304347826087,-7.231225296442684,28.0,37.6949005019226,14.73913043478261
1,0,0,0,0,0,0,410,16,-0.2225209339563146,-0.9749279121818235,6.126086956521739,0.14347826086956522,14.73913043478261,27.681818181818183,-12.942687747035574,29.0,40.731174251503894,22.043478260869566
1,0,0,0,0,0,0,410,17,0.6234898018587334,-0.7818314824680299,6.939130434782609,0.0,22.043478260869566,14.73913043478261,7.304347826086957,22.782608695652176,21.003955442825657,17.47826086956522
1,0,0,0,0,0,0,410,18,1.0,0.0,8.08695652173913,0.0,17.47826086956522,22.043478260869566,-4.565217391304348,17.82608695652174,18.90811871094111,20.391304347826086
1,0,0,0,0,0,0,410,19,0.6234898018587336,0.7818314824680297,7.689130434782609,0.0,20.391304347826086,17.47826086956522,2.9130434782608674,23.782608695652176,37.62208137528542,27.782608695652176
1,0,0,0,0,0,0,410,20,-0.22252093395631434,0.9749279121818236,7.128260869565217,0.20434782608695654,27.782608695652176,20.391304347826086,7.39130434782609,32.04347826086956,39.953714691997156,17.391304347826086
1,0,0,0,0,0,0,410,21,-0.900968867902419,0.43388373911755823,8.009782608695652,0.04130434782608696,17.391304347826086,27.782608695652176,-10.39130434782609,31.0,39.95596297940617,9.869565217391305
1,0,0,0,0,0,0,410,22,-0.9009688679024191,-0.433883739117558,4.6706521739130435,0.10652173913043479,9.869565217391305,17.391304347826086,-7.521739130434781,18.695652173913043,41.17396356933174,13.695652173913043
1,0,0,0,0,0,0,410,23,-0.2225209339563146,-0.9749279121818235,3.2271739130434782,0.02391304347826087,13.695652173913043,9.869565217391305,3.8260869565217384,32.78260869565217,38.18277598412425,26.565217391304348
1,0,0,0,0,0,0,410,24,0.6234898018587334,-0.7818314824680299,2.48804347826087,0.1565217391304348,26.565217391304348,13.695652173913043,12.869565217391305,34.82608695652174,23.273428782798156,20.73913043478261
1,0,0,0,0,0,0,410,25,1.0,0.0,5.28695652173913,0.03695652173913044,20.73913043478261,26.565217391304348,-5.826086956521738,22.52173913043478,18.806151071958908,9.0
1,0,0,0,0,0,0,410,26,0.6234898018587336,0.7818314824680297,3.6934782608695653,0.0,9.0,20.73913043478261,-11.73913043478261,26.956521739130434,38.17054426566548,10.217391304347826
1,0,0,0,0,0,0,410,27,-0.22252093395631434,0.9749279121818236,2.235869565217391,0.0,10.217391304347826,9.0,1.2173913043478262,22.35,39.07011983555663,20.347826086956523
1,0,0,0,0,0,0,410,28,-0.900968867902419,0.43388373911755823,0.7771739130434783,0.0,20.347826086956523,10.217391304347826,10.130434782608697,40.869565217391305,39.98131040053226,39.69565217391305
1,0,0,0,0,0,0,410,29,-0.9009688679024191,-0.433883739117558,-1.1217391304347826,0.0,39.69565217391305,20.347826086956523,19.347826086956523,45.30434782608695,40.81021783306116,43.08695652173913
1,0,0,0,0,0,0,410,30,-0.2225209339563146,-0.9749279121818235,-0.558695652173913,0.0,43.08695652173913,39.69565217391305,3.391304347826086,45.08695652173913,38.59333037316212,51.52173913043478
1,0,0,0,0,0,0,410,31,0.6234898018587334,-0.7818314824680299,0.7608695652173914,0.0,51.52173913043478,43.08695652173913,8.434782608695649,44.08695652173913,23.31383661373376,36.34782608695652
1,0,0,0,0,0,0,410,32,1.0,0.0,0.02499999999999996,0.0,36.34782608695652,51.52173913043478,-15.173913043478258,36.91304347826087,19.286925457367467,45.391304347826086
1,0,0,0,0,0,0,410,33,0.6234898018587336,0.7818314824680297,0.5630434782608695,0.0,45.391304347826086,36.34782608695652,9.043478260869563,53.08695652173913,39.49497980787761,45.26086956521739
1,0,0,0,0,0,0,410,34,-0.22252093395631434,0.9749279121818236,0.4054347826086957,0.0,45.26086956521739,45.391304347826086,-0.13043478260869534,52.69565217391305,41.40684853879599,47.91304347826087
1,0,0,0,0,0,0,410,35,-0.900968867902419,0.43388373911755823,1.1,0.0,47.91304347826087,45.26086956521739,2.6521739130434767,59.82608695652174,42.40825966122472,52.17391304347826
1,0,0,0,0,0,0,410,36,-0.9009688679024191,-0.433883739117558,1.3456521739130434,0.0,52.17391304347826,47.91304347826087,4.260869565217391,53.869565217391305,41.17311296683275,33.08695652173913
1,0,0,0,0,0,0,410,37,-0.2225209339563146,-0.9749279121818235,4.192391304347826,0.0,33.08695652173913,52.17391304347826,-19.086956521739125,42.69565217391305,40.95974831849329,30.47826086956522
1,0,0,0,0,0,0,410,38,0.6234898018587334,-0.7818314824680299,3.7054347826086955,0.0,30.47826086956522,33.08695652173913,-2.608695652173914,42.0,25.643524357531504,42.78260869565217
1,0,0,0,0,0,0,410,39,1.0,0.0,-1.0543478260869565,0.0,42.78260869565217,30.47826086956522,12.304347826086953,42.391304347826086,20.054605327823616,50.285714285714285
1,0,0,0,0,0,0,410,40,0.6234898018587336,0.7818314824680297,-0.5619047619047619,0.0,50.285714285714285,42.78260869565217,7.503105590062113,50.1,40.56319479293805,56.608695652173914
1,0,0,0,0,0,0,410,41,-0.22252093395631434,0.9749279121818236,2.1293478260869567,0.0,56.608695652173914,50.285714285714285,6.322981366459629,53.69565217391305,41.50971689468782,47.130434782608695
1,0,0,0,0,0,0,410,42,-0.900968867902419,0.43388373911755823,1.55,0.0,47.130434782608695,56.608695652173914,-9.478260869565219,49.0,42.08876689076613,44.73913043478261
1,0,0,0,0,0,0,410,43,-0.9009688679024191,-0.433883739117558,1.075,0.0,44.73913043478261,47.130434782608695,-2.391304347826086,46.21739130434783,40.34711216615224,41.52173913043478
1,0,0,0,0,0,0,410,44,-0.2225209339563146,-0.9749279121818235,1.157608695652174,0.0,41.52173913043478,44.73913043478261,-3.217391304347828,49.69565217391305,40.60463067231553,38.391304347826086
1,0,0,0,0,0,0,410,45,0.6234898018587334,-0.7818314824680299,1.091304347826087,0.0,38.391304347826086,41.52173913043478,-3.1304347826086953,43.78260869565217,23.24535861616113,39.34782608695652
1,0,0,0,0,0,0,410,46,1.0,0.0,2.4619565217391304,0.0,39.34782608695652,38.391304347826086,0.9565217391304373,42.91304347826087,20.657307941956976,42.30434782608695
1,0,0,0,0,0,0,410,47,0.6234898018587336,0.7818314824680297,1.0695652173913044,0.0,42.30434782608695,39.34782608695652,2.95652173913043,54.78260869565217,39.49552991907836,47.34782608695652
1,0,0,0,0,0,0,410,48,-0.22252093395631434,0.9749279121818236,0.5608695652173913,0.0,47.34782608695652,42.30434782608695,5.04347826086957,53.608695652173914,40.84083310815513,51.869565217391305
1,0,0,0,0,0,0,410,49,-0.900968867902419,0.43388373911755823,-0.03586956521739129,0.0,51.869565217391305,47.34782608695652,4.521739130434781,54.47826086956522,28.21327840078607,65.43478260869566
1,0,0,0,0,0,0,410,50,-0.9009688679024191,-0.433883739117558,-0.6032608695652174,0.0,65.43478260869566,51.869565217391305,13.565217391304351,52.73913043478261,38.931187522497986,67.95652173913044
1,0,0,0,0,0,0,410,51,-0.2225209339563146,-0.9749279121818235,2.3347826086956522,0.0,67.95652173913044,65.43478260869566,2.5217391304347814,50.869565217391305,28.961274545601533,66.65217391304348
1,0,0,0,0,0,0,410,52,0.6234898018587334,-0.7818314824680299,4.2423913043478265,0.0,66.65217391304348,67.95652173913044,-1.3043478260869534,36.08695652173913,26.77084744534785,68.08695652173913
1,0,0,0,0,0,0,410,53,1.0,0.0,4.511956521739131,0.002173913043478261,68.08695652173913,66.65217391304348,1.4347826086956417,28.652173913043477,23.45422081972269,64.26086956521739
1,0,0,0,0,0,0,410,54,0.6234898018587336,0.7818314824680297,5.885869565217392,0.0,64.26086956521739,68.08695652173913,-3.826086956521735,32.69565217391305,30.151842446513484,53.130434782608695
1,0,0,0,0,0,0,410,55,-0.22252093395631434,0.9749279121818236,5.632608695652174,0.017391304347826087,53.130434782608695,64.26086956521739,-11.130434782608695,30.82608695652174,25.757481986115394,22.26086956521739
1,0,0,0,0,0,0,410,56,-0.900968867902419,0.43388373911755823,6.566304347826088,0.23695652173913045,22.26086956521739,53.130434782608695,-30.869565217391305,22.043478260869566,22.00605210569486,8.434782608695652
1,0,0,0,0,0,0,410,57,-0.9009688679024191,-0.433883739117558,4.967391304347826,0.8826086956521739,8.434782608695652,22.26086956521739,-13.826086956521738,19.695652173913043,22.50453501027771,22.73913043478261
1,0,0,0,0,0,0,410,58,-0.2225209339563146,-0.9749279121818235,3.365217391304348,0.0,22.73913043478261,8.434782608695652,14.304347826086957,36.17391304347826,25.497939969442033,30.73913043478261
1,0,0,0,0,0,0,410,59,0.6234898018587334,-0.7818314824680299,1.0847826086956522,0.0,30.73913043478261,22.73913043478261,8.0,25.434782608695652,24.612335702877953,23.82608695652174
1,0,0,0,0,0,0,410,60,1.0,0.0,4.818478260869566,0.021739130434782608,23.82608695652174,30.73913043478261,-6.913043478260871,27.608695652173914,22.838946335287286,23.956521739130434
1,0,0,0,0,0,0,410,61,0.6234898018587336,0.7818314824680297,1.7206521739130434,0.0,23.956521739130434,23.82608695652174,0.13043478260869534,37.0,25.40367412833717,26.652173913043477
0,1,0,0,0,0,0,252,5,0.6234898018587336,0.7818314824680297,10.382608695652175,0.034782608695652174,2.347826086956522,4.869565217391305,-2.5217391304347827,2.652173913043478,0.04317666561412027,1.1111111111111112
0,1,0,0,0,0,0,252,6,-0.22252093395631434,0.9749279121818236,12.229347826086956,0.0,1.1111111111111112,2.347826086956522,-1.2367149758454108,4.695652173913044,0.03702584823091243,1.2777777777777777
0,1,0,0,0,0,0,252,7,-0.900968867902419,0.43388373911755823,12.743478260869566,0.0,1.2777777777777777,1.1111111111111112,0.16666666666666652,4.478260869565218,0.03602643516719288,4.0
0,1,0,0,0,0,0,252,8,-0.9009688679024191,-0.433883739117558,12.054347826086957,0.0,4.0,1.2777777777777777,2.7222222222222223,6.173913043478261,0.03585337225730705,9.695652173913043
0,1,0,0,0,0,0,252,9,-0.2225209339563146,-0.9749279121818235,12.680434782608694,0.002173913043478261,9.695652173913043,4.0,5.695652173913043,8.130434782608695,0.043446380657436584,1.65
0,1,0,0,0,0,0,252,13,-0.22252093395631434,0.9749279121818236,11.635,0.32249999999999995,1.65,9.695652173913043,-8.045652173913043,4.611111111111111,0.04572160141992546,3.6666666666666665
0,1,0,0,0,0,0,252,14,-0.900968867902419,0.43388373911755823,10.237499999999999,0.0,3.6666666666666665,1.65,2.0166666666666666,3.3333333333333335,0.05875426792364987,9.842105263157896
0,1,0,0,0,0,0,252,15,-0.9009688679024191,-0.433883739117558,10.141304347826088,0.11521739130434783,9.842105263157896,3.6666666666666665,6.1754385964912295,7.217391304347826,0.043082544004534,0.8695652173913043
0,1,0,0,0,0,0,252,16,-0.2225209339563146,-0.9749279121818235,8.363043478260868,0.05652173913043478,0.8695652173913043,9.842105263157896,-8.972540045766591,3.347826086956522,0.04648105402396562,2.5217391304347827
0,1,0,0,0,0,0,252,17,0.6234898018587334,-0.7818314824680299,9.707608695652175,0.0,2.5217391304347827,0.8695652173913043,1.6521739130434785,1.826086956521739,0.040169318273823945,11.869565217391305
0,1,0,0,0,0,0,252,18,1.0,0.0,10.451086956521738,0.0,11.869565217391305,2.5217391304347827,9.347826086956522,2.260869565217391,0.04453232531778799,2.608695652173913
0,1,0,0,0,0,0,252,19,0.6234898018587336,0.7818314824680297,9.810869565217391,0.0,2.608695652173913,11.869565217391305,-9.26086956521739,1.5217391304347827,0.04479816067524892,1.2608695652173914
0,1,0,0,0,0,0,252,20,-0.22252093395631434,0.9749279121818236,10.158695652173913,0.03695652173913044,1.2608695652173914,2.608695652173913,-1.3478260869565217,1.3478260869565217,0.0446800867743502,5.304347826086956
0,1,0,0,0,0,0,252,21,-0.900968867902419,0.43388373911755823,9.2,0.14565217391304347,5.304347826086956,1.2608695652173914,4.0434782608695645,2.6956521739130435,0.043055218079507664,1.0
0,1,0,0,0,0,0,252,22,-0.9009688679024191,-0.433883739117558,6.3489130434782615,0.16521739130434782,1.0,5.304347826086956,-4.304347826086956,3.130434782608696,0.04529845761476799,2.260869565217391
0,1,0,0,0,0,0,252,23,-0.2225209339563146,-0.9749279121818235,5.000724637681159,0.08550724637681159,2.260869565217391,1.0,1.2608695652173911,1.6956521739130435,0.04715610072058938,4.0
0,1,0,0,0,0,0,252,24,0.6234898018587334,-0.7818314824680299,8.056521739130435,0.0,4.0,2.260869565217391,1.7391304347826089,2.9130434782608696,0.04975457434620674,2.260869565217391
0,1,0,0,0,0,0,252,25,1.0,0.0,9.863043478260868,0.0,2.260869565217391,4.0,-1.7391304347826089,4.478260869565218,0.04562586035543677,1.8695652173913044
0,1,0,0,0,0,0,252,26,0.6234898018587336,0.7818314824680297,7.6521739130434785,0.0,1.8695652173913044,2.260869565217391,-0.3913043478260867,1.826086956521739,0.04041221354546186,2.8260869565217392
0,1,0,0,0,0,0,252,27,-0.22252093395631434,0.9749279121818236,4.646739130434782,0.0,2.8260869565217392,1.8695652173913044,0.9565217391304348,3.130434782608696,0.03904086719698805,4.260869565217392
0,1,0,0,0,0,0,252,28,-0.900968867902419,0.43388373911755823,3.2967391304347826,0.0,4.260869565217392,2.8260869565217392,1.4347826086956523,3.260869565217391,0.056259614444174516,3.869565217391304
0,1,0,0,0,0,0,252,29,-0.9009688679024191,-0.433883739117558,2.61304347826087,0.0,3.869565217391304,4.260869565217392,-0.39130434782608736,3.347826086956522,0.04215043320378912,4.6521739130434785
0,1,0,0,0,0,0,252,30,-0.2225209339563146,-0.9749279121818235,3.7902173913043478,0.0,4.6521739130434785,3.869565217391304,0.7826086956521743,5.130434782608695,0.041840235648935256,7.0
0,1,0,0,0,0,0,252,31,0.6234898018587334,-0.7818314824680299,3.914130434782609,0.0,7.0,4.6521739130434785,2.3478260869565215,8.391304347826088,0.04811401939114236,2.347826086956522
0,1,0,0,0,0,0,252,32,1.0,0.0,6.822826086956522,0.0,2.347826086956522,7.0,-4.6521739130434785,1.391304347826087,0.041861994980163506,2.260869565217391
0,1,0,0,0,0,0,252,33,0.6234898018587336,0.7818314824680297,6.634782608695652,0.0,2.260869565217391,2.347826086956522,-0.08695652173913082,0.6521739130434783,0.041800765221439516,1.9565217391304348
0,1,0,0,0,0,0,252,34,-0.22252093395631434,0.9749279121818236,5.607608695652174,0.0,1.9565217391304348,2.260869565217391,-0.3043478260869563,0.6956521739130435,0.041702932292931705,2.0869565217391304
0,1,0,0,0,0,0,252,35,-0.900968867902419,0.43388373911755823,8.828260869565218,0.0,2.0869565217391304,1.9565217391304348,0.13043478260869557,0.9130434782608695,0.04204770854586668,4.0
0,1,0,0,0,0,0,252,36,-0.9009688679024191,-0.433883739117558,8.315217391304348,0.0,4.0,2.0869565217391304,1.9130434782608696,2.9130434782608696,0.042195469941705074,3.5217391304347827
0,1,0,0,0,0,0,252,37,-0.2225209339563146,-0.9749279121818235,6.327173913043478,0.0,3.5217391304347827,4.0,-0.4782608695652173,5.695652173913044,0.04245708831268718,2.782608695652174
0,1,0,0,0,0,0,252,38,0.6234898018587334,-0.7818314824680299,6.123913043478261,0.0,2.782608695652174,3.5217391304347827,-0.7391304347826089,2.260869565217391,0.0447696541980406,2.130434782608696
0,1,0,0,0,0,0,252,39,1.0,0.0,3.7695652173913046,0.0,2.130434782608696,2.782608695652174,-0.652173913043478,1.1304347826086956,0.04391952070682531,1.7826086956521738
0,1,0,0,0,0,0,252,40,0.6234898018587336,0.7818314824680297,5.7239130434782615,0.0,1.7826086956521738,2.130434782608696,-0.34782608695652195,0.6521739130434783,0.04537891666666662,2.3043478260869565
0,1,0,0,0,0,0,252,41,-0.22252093395631434,0.9749279121818236,6.014130434782608,0.0,2.3043478260869565,1.7826086956521738,0.5217391304347827,1.9130434782608696,0.04056048109464816,3.652173913043478
0,1,0,0,0,0,0,252,42,-0.900968867902419,0.43388373911755823,5.790217391304348,0.0,3.652173913043478,2.3043478260869565,1.3478260869565215,3.0434782608695654,0.04220845814104117,2.8260869565217392
0,1,0,0,0,0,0,252,43,-0.9009688679024191,-0.433883739117558,6.576086956521739,0.0,2.8260869565217392,3.652173913043478,-0.8260869565217388,1.6956521739130435,0.042136770241275955,2.260869565217391
0,1,0,0,0,0,0,252,44,-0.2225209339563146,-0.9749279121818235,8.658695652173913,0.0,2.260869565217391,2.8260869565217392,-0.5652173913043481,1.0434782608695652,0.042347785401991696,2.739130434782609
0,1,0,0,0,0,0,252,45,0.6234898018587334,-0.7818314824680299,7.4010869565217385,0.0,2.739130434782609,2.260869565217391,0.47826086956521774,1.8695652173913044,0.04493209062019265,3.0
0,1,0,0,0,0,0,252,46,1.0,0.0,8.383695652173913,0.0,3.0,2.739130434782609,0.26086956521739113,1.3043478260869565,0.04310582137073917,2.0
0,1,0,0,0,0,0,252,47,0.6234898018587336,0.7818314824680297,8.618478260869566,0.0,2.0,3.0,-1.0,1.0869565217391304,0.04237409928345878,2.4347826086956523
0,1,0,0,0,0,0,252,48,-0.22252093395631434,0.9749279121818236,8.854347826086956,0.0,2.4347826086956523,2.0,0.43478260869565233,1.434782608695652,0.04211804691927774,2.9565217391304346
0,1,0,0,0,0,0,252,49,-0.900968867902419,0.43388373911755823,6.844565217391305,0.0,2.9565217391304346,2.4347826086956523,0.5217391304347823,1.3043478260869565,0.044626447291717226,8.0
0,1,0,0,0,0,0,252,50,-0.9009688679024191,-0.433883739117558,3.3630434782608694,0.010869565217391304,8.0,2.9565217391304346,5.043478260869565,4.260869565217392,0.04968626020160305,1.2173913043478262
0,1,0,0,0,0,0,252,51,-0.2225209339563146,-0.9749279121818235,5.7586956521739125,0.02608695652173913,1.2173913043478262,8.0,-6.782608695652174,2.5652173913043477,0.049296109849404864,3.5652173913043477
0,1,0,0,0,0,0,252,52,0.6234898018587334,-0.7818314824680299,7.504347826086956,0.0,3.5652173913043477,1.2173913043478262,2.3478260869565215,1.0,0.049962047506274754,12.695652173913043
0,1,0,0,0,0,0,252,53,1.0,0.0,7.135869565217392,0.0,12.695652173913043,3.5652173913043477,9.130434782608695,1.8695652173913044,0.04971561015302401,2.5238095238095237
0,1,0,0,0,0,0,252,54,0.6234898018587336,0.7818314824680297,7.840476190476191,0.0071428571428571435,2.5238095238095237,12.695652173913043,-10.17184265010352,8.166666666666666,0.04735449747273205,1.608695652173913
0,1,0,0,0,0,0,252,55,-0.22252093395631434,0.9749279121818236,7.454710144927537,0.008695652173913044,1.608695652173913,2.5238095238095237,-0.9151138716356106,14.130434782608695,0.051673953606995345,0.782608695652174
0,1,0,0,0,0,0,252,56,-0.900968867902419,0.43388373911755823,8.240217391304348,0.3652173913043478,0.782608695652174,1.608695652173913,-0.8260869565217391,2.4347826086956523,0.0486534490729495,2.0
0,1,0,0,0,0,0,252,57,-0.9009688679024191,-0.433883739117558,6.141304347826087,0.5804347826086956,2.0,0.782608695652174,1.2173913043478262,1.2608695652173914,0.05109033001376403,3.130434782608696
0,1,0,0,0,0,0,252,58,-0.2225209339563146,-0.9749279121818235,8.991304347826087,0.0,3.130434782608696,2.0,1.1304347826086958,1.434782608695652,0.04668953922759287,3.869565217391304
0,1,0,0,0,0,0,252,59,0.6234898018587334,-0.7818314824680299,6.631521739130435,0.008695652173913044,3.869565217391304,3.130434782608696,0.7391304347826084,1.9565217391304348,0.046599465772002226,1.2608695652173914
0,1,0,0,0,0,0,252,60,1.0,0.0,7.201086956521739,0.08260869565217391,1.2608695652173914,3.869565217391304,-2.608695652173913,1.434782608695652,0.049002105092705,1.565217391304348
0,1,0,0,0,0,0,252,61,0.6234898018587336,0.7818314824680297,6.251086956521739,0.0,1.565217391304348,1.2608695652173914,0.30434782608695654,0.5652173913043478,0.04400031701886483,1.6956521739130435
0,0,1,0,0,0,0,312,3,0.6234898018587334,-0.7818314824680299,12.918478260869565,0.002173913043478261,36.30434782608695,27.52173913043478,8.782608695652172,33.26086956521739,104.62526583486151,16.217391304347824
0,0,1,0,0,0,0,312,4,1.0,0.0,13.489855072463767,0.07608695652173914,16.217391304347824,36.30434782608695,-20.08695652173913,24.08695652173913,98.59061548186564,7.3478260869565215
0,0,1,0,0,0,0,312,5,0.6234898018587336,0.7818314824680297,8.159782608695652,0.06304347826086956,7.3478260869565215,16.217391304347824,-8.869565217391303,33.5,125.8967563992483,13.173913043478262
0,0,1,0,0,0,0,312,6,-0.22252093395631434,0.9749279121818236,10.460869565217392,0.0,13.173913043478262,7.3478260869565215,5.82608695652174,37.34782608695652,124.36313389492715,13.08695652173913
0,0,1,0,0,0,0,312,7,-0.900968867902419,0.43388373911755823,10.741304347826087,0.0,13.08695652173913,13.173913043478262,-0.08695652173913082,35.391304347826086,123.34982981912391,18.565217391304348
0,0,1,0,0,0,0,312,8,-0.9009688679024191,-0.433883739117558,10.123913043478261,0.0,18.565217391304348,13.08695652173913,5.478260869565217,37.869565217391305,123.41302603596843,21.956521739130434
0,0,1,0,0,0,0,312,9,-0.2225209339563146,-0.9749279121818235,10.32717391304348,0.004347826086956522,21.956521739130434,18.565217391304348,3.391304347826086,34.43478260869565,126.04493630653072,15.304347826086957
0,0,1,0,0,0,0,312,10,0.6234898018587334,-0.7818314824680299,9.610869565217392,0.3239130434782609,15.304347826086957,21.956521739130434,-6.652173913043477,31.47826086956522,110.79495001747765,5.086956521739131
0,0,1,0,0,0,0,312,11,1.0,0.0,7.186956521739131,0.002173913043478261,5.086956521739131,15.304347826086957,-10.217391304347826,22.434782608695652,100.59098403797933,2.5833333333333335
0,0,1,0,0,0,0,312,12,0.6234898018587336,0.7818314824680297,11.995652173913042,0.0,2.5833333333333335,5.086956521739131,-2.5036231884057973,8.347826086956522,127.5878571231391,32.166666666666664
0,0,1,0,0,0,0,312,13,-0.22252093395631434,0.9749279121818236,9.255434782608695,0.0,32.166666666666664,2.5833333333333335,29.583333333333332,43.04347826086956,125.83614119656436,25.956521739130434
0,0,1,0,0,0,0,312,14,-0.900968867902419,0.43388373911755823,9.892391304347827,0.0,25.956521739130434,32.166666666666664,-6.210144927536231,51.95652173913044,126.2736825378811,23.47826086956522
0,0,1,0,0,0,0,312,15,-0.9009688679024191,-0.433883739117558,8.16304347826087,0.12608695652173912,23.47826086956522,25.956521739130434,-2.478260869565215,43.56521739130435,128.2365166643277,7.304347826086956
0,0,1,0,0,0,0,312,16,-0.2225209339563146,-0.9749279121818235,6.4913043478260875,0.1,7.304347826086956,23.47826086956522,-16.17391304347826,35.26086956521739,130.06129579266874,13.652173913043478
0,0,1,0,0,0,0,312,17,0.6234898018587334,-0.7818314824680299,7.7945652173913045,0.0,13.652173913043478,7.304347826086956,6.347826086956522,30.304347826086957,106.92578559463749,10.434782608695652
0,0,1,0,0,0,0,312,18,1.0,0.0,8.418478260869565,0.0,10.434782608695652,13.652173913043478,-3.217391304347826,27.52173913043478,99.89789136727167,13.652173913043478
0,0,1,0,0,0,0,312,19,0.6234898018587336,0.7818314824680297,7.951086956521739,0.0,13.652173913043478,10.434782608695652,3.217391304347826,32.43478260869565,128.3581252802844,19.869565217391305
0,0,1,0,0,0,0,312,20,-0.22252093395631434,0.9749279121818236,7.440217391304348,0.09782608695652174,19.869565217391305,13.652173913043478,6.217391304347826,35.17391304347826,132.0782905531385,12.217391304347826
0,0,1,0,0,0,0,312,21,-0.900968867902419,0.43388373911755823,8.255434782608695,0.09565217391304348,12.217391304347826,19.869565217391305,-7.6521739130434785,40.30434782608695,127.96864910609747,9.3
0,0,1,0,0,0,0,312,22,-0.9009688679024191,-0.433883739117558,5.517045454545454,0.17500000000000002,9.3,12.217391304347826,-2.9173913043478255,40.95,131.61360921829274,12.043478260869565
0,0,1,0,0,0,0,312,23,-0.2225209339563146,-0.9749279121818235,3.417391304347826,0.04565217391304348,12.043478260869565,9.3,2.743478260869564,48.608695652173914,130.00600305691378,9.217391304347826
0,0,1,0,0,0,0,312,24,0.6234898018587334,-0.7818314824680299,5.1510869565217385,0.0,9.217391304347826,12.043478260869565,-2.8260869565217384,26.608695652173914,113.37175168968764,16.52173913043478
0,0,1,0,0,0,0,312,25,1.0,0.0,8.291304347826086,0.0,16.52173913043478,9.217391304347826,7.304347826086955,38.869565217391305,102.60853522601988,3.5217391304347827
0,0,1,0,0,0,0,312,26,0.6234898018587336,0.7818314824680297,6.715217391304347,0.0,3.5217391304347827,16.52173913043478,-12.999999999999998,27.17391304347826,127.60979283432249,3.9565217391304346
0,0,1,0,0,0,0,312,27,-0.22252093395631434,0.9749279121818236,4.096739130434782,0.0,3.9565217391304346,3.5217391304347827,0.4347826086956519,14.608695652173912,131.1467363179791,14.608695652173912
0,0,1,0,0,0,0,312,28,-0.900968867902419,0.43388373911755823,2.11304347826087,0.0,14.608695652173912,3.9565217391304346,10.652173913043477,43.04347826086956,134.55415568929854,28.565217391304348
0,0,1,0,0,0,0,312,29,-0.9009688679024191,-0.433883739117558,0.9967391304347825,0.0,28.565217391304348,14.608695652173912,13.956521739130435,62.47826086956522,133.68403544030048,30.782608695652176
0,0,1,0,0,0,0,312,30,-0.2225209339563146,-0.9749279121818235,1.7141304347826085,0.0,30.782608695652176,28.565217391304348,2.217391304347828,65.47826086956522,132.50999102292894,38.52173913043478
0,0,1,0,0,0,0,312,31,0.6234898018587334,-0.7818314824680299,2.3380434782608694,0.0,38.52173913043478,30.782608695652176,7.739130434782606,67.6086956521739,118.13843733060635,16.17391304347826
0,0,1,0,0,0,0,312,32,1.0,0.0,3.067391304347826,0.0,16.17391304347826,38.52173913043478,-22.34782608695652,44.391304347826086,108.42944012669686,22.043478260869566
0,0,1,0,0,0,0,312,33,0.6234898018587336,0.7818314824680297,3.9989130434782605,0.0,22.043478260869566,16.17391304347826,5.869565217391305,63.869565217391305,133.53478329505353,32.47826086956522
0,0,1,0,0,0,0,312,34,-0.22252093395631434,0.9749279121818236,3.41195652173913,0.0,32.47826086956522,22.043478260869566,10.434782608695652,75.2,135.20114368726792,30.869565217391305
0,0,1,0,0,0,0,312,35,-0.900968867902419,0.43388373911755823,3.65,0.0,30.869565217391305,32.47826086956522,-1.608695652173914,71.65217391304348,136.18569682752042,31.695652173913043
0,0,1,0,0,0,0,312,36,-0.9009688679024191,-0.433883739117558,5.05,0.0,31.695652173913043,30.869565217391305,0.8260869565217384,78.8695652173913,130.24229731208186,31.347826086956523
0,0,1,0,0,0,0,312,37,-0.2225209339563146,-0.9749279121818235,4.480434782608696,0.0,31.347826086956523,31.695652173913043,-0.34782608695651973,80.91304347826087,133.35042849285435,23.304347826086957
0,0,1,0,0,0,0,312,38,0.6234898018587334,-0.7818314824680299,6.108695652173913,0.0,23.304347826086957,31.347826086956523,-8.043478260869566,92.1304347826087,118.35496724481138,20.26086956521739
0,0,1,0,0,0,0,312,39,1.0,0.0,2.7902173913043478,0.0,20.26086956521739,23.304347826086957,-3.0434782608695663,62.869565217391305,109.70283612227372,32.21739130434783
0,0,1,0,0,0,0,312,40,0.6234898018587336,0.7818314824680297,1.3478260869565217,0.0,32.21739130434783,20.26086956521739,11.956521739130437,73.8695652173913,137.17162909582575,39.56521739130435
0,0,1,0,0,0,0,312,41,-0.22252093395631434,0.9749279121818236,4.978260869565218,0.0,39.56521739130435,32.21739130434783,7.347826086956523,84.6086956521739,134.76112927382334,39.47826086956522
0,0,1,0,0,0,0,312,42,-0.900968867902419,0.43388373911755823,4.1695652173913045,0.0,39.47826086956522,39.56521739130435,-0.0869565217391326,76.26086956521739,135.55548228244862,34.47826086956522
0,0,1,0,0,0,0,312,43,-0.9009688679024191,-0.433883739117558,3.5043478260869563,0.0,34.47826086956522,39.47826086956522,-5.0,71.47826086956522,134.8607064118684,34.8235294117647
0,0,1,0,0,0,0,312,44,-0.2225209339563146,-0.9749279121818235,3.865217391304348,0.0,34.8235294117647,34.47826086956522,0.34526854219948433,73.75,134.82103177485322,28.52173913043478
0,0,1,0,0,0,0,312,45,0.6234898018587334,-0.7818314824680299,3.8282608695652174,0.0,28.52173913043478,34.8235294117647,-6.301790281329922,69.21739130434783,118.49530669090633,18.73913043478261
0,0,1,0,0,0,0,312,46,1.0,0.0,5.981521739130436,0.0,18.73913043478261,28.52173913043478,-9.782608695652172,61.17391304347826,107.16377390554129,28.217391304347824
0,0,1,0,0,0,0,312,47,0.6234898018587336,0.7818314824680297,3.792391304347826,0.0,28.217391304347824,18.73913043478261,9.478260869565215,75.52173913043478,111.19148402642747,42.130434782608695
0,0,1,0,0,0,0,312,48,-0.22252093395631434,0.9749279121818236,3.654347826086956,0.0,42.130434782608695,28.217391304347824,13.913043478260871,75.3913043478261,136.62984117465928,33.21739130434783
0,0,1,0,0,0,0,312,49,-0.900968867902419,0.43388373911755823,2.7130434782608694,0.0,33.21739130434783,42.130434782608695,-8.913043478260867,76.17391304347827,136.6131149298956,40.43478260869565
0,0,1,0,0,0,0,312,50,-0.9009688679024191,-0.433883739117558,0.06521739130434782,0.004347826086956522,40.43478260869565,33.21739130434783,7.217391304347821,78.43478260869566,140.23280481501487,44.52173913043478
0,0,1,0,0,0,0,312,51,-0.2225209339563146,-0.9749279121818235,1.908695652173913,0.02391304347826087,44.52173913043478,40.43478260869565,4.086956521739133,77.0,138.2581952084709,59.04347826086956
0,0,1,0,0,0,0,312,52,0.6234898018587334,-0.7818314824680299,4.452173913043478,0.0,59.04347826086956,44.52173913043478,14.521739130434781,83.65217391304348,115.83107057175285,54.17391304347826
0,0,1,0,0,0,0,312,53,1.0,0.0,5.265217391304348,0.0,54.17391304347826,59.04347826086956,-4.869565217391305,68.8695652173913,108.56400500637373,45.17391304347826
0,0,1,0,0,0,0,312,54,0.6234898018587336,0.7818314824680297,6.060869565217391,0.0,45.17391304347826,54.17391304347826,-9.0,60.130434782608695,125.81945718251363,40.0
0,0,1,0,0,0,0,312,55,-0.22252093395631434,0.9749279121818236,6.9195652173913045,0.017391304347826087,40.0,45.17391304347826,-5.173913043478258,55.21739130434783,120.68072881592818,11.782608695652174
0,0,1,0,0,0,0,312,56,-0.900968867902419,0.43388373911755823,8.334782608695651,0.24782608695652175,11.782608695652174,40.0,-28.217391304347828,42.91304347826087,98.89234837960906,2.9130434782608696
0,0,1,0,0,0,0,312,57,-0.9009688679024191,-0.433883739117558,3.566304347826087,0.691304347826087,2.9130434782608696,11.782608695652174,-8.869565217391305,28.391304347826086,103.85066423193597,13.826086956521738
0,0,1,0,0,0,0,312,58,-0.2225209339563146,-0.9749279121818235,6.060869565217391,0.0,13.826086956521738,2.9130434782608696,10.91304347826087,45.608695652173914,115.55979300042527,22.47826086956522
0,0,1,0,0,0,0,312,59,0.6234898018587334,-0.7818314824680299,3.115217391304348,0.002173913043478261,22.47826086956522,13.826086956521738,8.65217391304348,49.0,109.44496469312845,20.217391304347824
0,0,1,0,0,0,0,312,60,1.0,0.0,4.266304347826087,0.1,20.217391304347824,22.47826086956522,-2.2608695652173942,43.73913043478261,104.35730099953163,11.782608695652174
0,0,1,0,0,0,0,312,61,0.6234898018587336,0.7818314824680297,3.7467391304347823,0.0,11.782608695652174,20.217391304347824,-8.43478260869565,47.869565217391305,118.48854967094894,16.608695652173914
0,0,0,1,0,0,0,204,3,0.6234898018587334,-0.7818314824680299,13.684782608695652,0.0,32.47826086956522,21.652173913043477,10.826086956521742,22.08695652173913,0.11177221541338507,16.391304347826086
0,0,0,1,0,0,0,204,4,1.0,0.0,13.376086956521737,0.19130434782608696,16.391304347826086,32.47826086956522,-16.086956521739133,18.347826086956523,0.1073969686949329,6.956521739130435
0,0,0,1,0,0,0,204,5,0.6234898018587336,0.7818314824680297,8.660869565217391,0.05434782608695652,6.956521739130435,16.391304347826086,-9.434782608695652,23.3,0.11823776403423593,11.304347826086957
0,0,0,1,0,0,0,204,6,-0.22252093395631434,0.9749279121818236,10.127173913043478,0.0,11.304347826086957,6.956521739130435,4.347826086956522,23.347826086956523,0.10949176469953606,16.956521739130434
0,0,0,1,0,0,0,204,7,-0.900968867902419,0.43388373911755823,10.6,0.0,16.956521739130434,11.304347826086957,5.652173913043477,21.869565217391305,0.10757048651418705,13.608695652173912
0,0,0,1,0,0,0,204,8,-0.9009688679024191,-0.433883739117558,9.180434782608696,0.0,13.608695652173912,16.956521739130434,-3.3478260869565215,19.782608695652176,0.1069213689718416,19.217391304347824
0,0,0,1,0,0,0,204,9,-0.2225209339563146,-0.9749279121818235,9.90108695652174,0.002173913043478261,19.217391304347824,13.608695652173912,5.608695652173912,22.782608695652176,0.11608947425108783,19.434782608695652
0,0,0,1,0,0,0,204,11,1.0,0.0,7.471739130434782,0.002173913043478261,9.73913043478261,19.434782608695652,-9.695652173913043,12.956521739130435,0.10532959324990107,10.08695652173913
0,0,0,1,0,0,0,204,12,0.6234898018587336,0.7818314824680297,12.225,0.002173913043478261,10.08695652173913,9.73913043478261,0.3478260869565215,9.478260869565217,0.11380317946919838,11.652173913043478
0,0,0,1,0,0,0,204,13,-0.22252093395631434,0.9749279121818236,8.117391304347825,0.0,11.652173913043478,10.08695652173913,1.5652173913043477,24.869565217391305,0.11101566165893476,17.695652173913043
0,0,0,1,0,0,0,204,14,-0.900968867902419,0.43388373911755823,8.618478260869566,0.0,17.695652173913043,11.652173913043478,6.0434782608695645,26.608695652173914,0.11118048780882508,20.0
0,0,0,1,0,0,0,204,15,-0.9009688679024191,-0.433883739117558,6.3293478260869565,0.11739130434782609,20.0,17.695652173913043,2.304347826086957,26.217391304347824,0.11905815089725605,11.478260869565217
0,0,0,1,0,0,0,204,16,-0.2225209339563146,-0.9749279121818235,7.406521739130435,0.08695652173913043,11.478260869565217,20.0,-8.521739130434783,23.304347826086957,0.12044853822778431,10.521739130434783
0,0,0,1,0,0,0,204,17,0.6234898018587334,-0.7818314824680299,7.7576086956521735,0.0,10.521739130434783,11.478260869565217,-0.9565217391304337,16.82608695652174,0.10833288333872762,11.91304347826087
0,0,0,1,0,0,0,204,18,1.0,0.0,9.097826086956522,0.0,11.91304347826087,10.521739130434783,1.391304347826086,15.608695652173912,0.10897840495199047,10.91304347826087
0,0,0,1,0,0,0,204,19,0.6234898018587336,0.7818314824680297,8.61413043478261,0.0,10.91304347826087,11.91304347826087,-1.0,22.956521739130434,0.12114740286618472,17.08695652173913
0,0,0,1,0,0,0,204,20,-0.22252093395631434,0.9749279121818236,7.614130434782608,0.09565217391304348,17.08695652173913,10.91304347826087,6.17391304347826,25.782608695652176,0.12137471368720101,9.272727272727273
0,0,0,1,0,0,0,204,21,-0.900968867902419,0.43388373911755823,8.464772727272727,0.11818181818181818,9.272727272727273,17.08695652173913,-7.814229249011856,28.8,0.11262829912023457,6.3478260869565215
0,0,0,1,0,0,0,204,22,-0.9009688679024191,-0.433883739117558,5.827173913043478,0.1391304347826087,6.3478260869565215,9.272727272727273,-2.924901185770752,23.347826086956523,0.11763989299456969,7.565217391304348
0,0,0,1,0,0,0,204,23,-0.2225209339563146,-0.9749279121818235,3.882608695652174,0.043478260869565216,7.565217391304348,6.3478260869565215,1.2173913043478262,24.869565217391305,0.11702538893084471,10.826086956521738
0,0,0,1,0,0,0,204,24,0.6234898018587334,-0.7818314824680299,6.003260869565217,0.0,10.826086956521738,7.565217391304348,3.2608695652173907,15.043478260869565,0.11967310425432441,16.391304347826086
0,0,0,1,0,0,0,204,25,1.0,0.0,6.989130434782608,0.0,16.391304347826086,10.826086956521738,5.565217391304348,16.608695652173914,0.11340534755637066,1.0434782608695652
0,0,0,1,0,0,0,204,26,0.6234898018587336,0.7818314824680297,5.479347826086957,0.0,1.0434782608695652,16.391304347826086,-15.347826086956522,7.739130434782608,0.1160625018520516,3.4347826086956523
0,0,0,1,0,0,0,204,27,-0.22252093395631434,0.9749279121818236,4.171739130434783,0.0,3.4347826086956523,1.0434782608695652,2.391304347826087,8.772727272727273,0.12418275982666231,6.666666666666667
0,0,0,1,0,0,0,204,28,-0.900968867902419,0.43388373911755823,1.3217391304347825,0.0,6.666666666666667,3.4347826086956523,3.2318840579710146,23.695652173913043,0.13142958612939185,28.666666666666668
0,0,0,1,0,0,0,204,29,-0.9009688679024191,-0.433883739117558,-1.2184782608695652,0.0,28.666666666666668,6.666666666666667,22.0,40.52173913043478,0.13048018471967487,31.82608695652174
0,0,0,1,0,0,0,204,30,-0.2225209339563146,-0.9749279121818235,-0.9347826086956522,0.0,31.82608695652174,28.666666666666668,3.1594202898550705,48.0,0.1288546949329305,37.04347826086956
0,0,0,1,0,0,0,204,31,0.6234898018587334,-0.7818314824680299,0.8913043478260869,0.0,37.04347826086956,31.82608695652174,5.217391304347824,51.26086956521739,0.1283395364836192,13.478260869565217
0,0,0,1,0,0,0,204,32,1.0,0.0,2.3967391304347827,0.0,13.478260869565217,37.04347826086956,-23.565217391304344,15.73913043478261,0.11833306367101808,17.347826086956523
0,0,0,1,0,0,0,204,33,0.6234898018587336,0.7818314824680297,2.2804347826086957,0.0,17.347826086956523,13.478260869565217,3.8695652173913064,30.047619047619047,0.12003002909339372,28.652173913043477
0,0,0,1,0,0,0,204,34,-0.22252093395631434,0.9749279121818236,-0.6554347826086956,0.0,28.652173913043477,17.347826086956523,11.304347826086953,46.56521739130435,0.11979162966159596,25.08695652173913
0,0,0,1,0,0,0,204,35,-0.900968867902419,0.43388373911755823,-0.17282608695652185,0.0,25.08695652173913,28.652173913043477,-3.5652173913043477,40.56521739130435,0.11636323612759374,29.695652173913043
0,0,0,1,0,0,0,204,36,-0.9009688679024191,-0.433883739117558,0.8391304347826086,0.0,29.695652173913043,25.08695652173913,4.608695652173914,48.52173913043478,0.11740344172330704,21.956521739130434
0,0,0,1,0,0,0,204,37,-0.2225209339563146,-0.9749279121818235,3.6673913043478263,0.0,21.956521739130434,29.695652173913043,-7.739130434782609,45.47826086956522,0.12264088175639223,15.565217391304348
0,0,0,1,0,0,0,204,38,0.6234898018587334,-0.7818314824680299,2.85,0.0,15.565217391304348,21.956521739130434,-6.391304347826086,34.34782608695652,0.1302185600748013,19.73913043478261
0,0,0,1,0,0,0,204,39,1.0,0.0,-0.833695652173913,0.0,19.73913043478261,15.565217391304348,4.173913043478262,33.130434782608695,0.12114755273851903,27.82608695652174
0,0,0,1,0,0,0,204,40,0.6234898018587336,0.7818314824680297,-1.3521739130434782,0.0,27.82608695652174,19.73913043478261,8.086956521739129,51.95652173913044,0.12409600062933791,40.82608695652174
0,0,0,1,0,0,0,204,41,-0.22252093395631434,0.9749279121818236,0.6934782608695651,0.0,40.82608695652174,27.82608695652174,13.000000000000004,66.43478260869566,0.11173400570000357,34.608695652173914
0,0,0,1,0,0,0,204,42,-0.900968867902419,0.43388373911755823,0.19782608695652165,0.0,34.608695652173914,40.82608695652174,-6.217391304347828,55.0,0.11118273574999096,28.608695652173914
0,0,0,1,0,0,0,204,43,-0.9009688679024191,-0.433883739117558,0.0065217391304346825,0.0,28.608695652173914,34.608695652173914,-6.0,45.82608695652174,0.11400996150249931,26.47826086956522
0,0,0,1,0,0,0,204,44,-0.2225209339563146,-0.9749279121818235,0.05760869565217404,0.0,26.47826086956522,28.608695652173914,-2.1304347826086953,45.34782608695652,0.11522683180494118,25.130434782608695
0,0,0,1,0,0,0,204,45,0.6234898018587334,-0.7818314824680299,0.20434782608695634,0.0,25.130434782608695,26.47826086956522,-1.3478260869565233,40.21739130434783,0.11948070645880529,17.304347826086957
0,0,0,1,0,0,0,204,46,1.0,0.0,3.4456521739130435,0.0,17.304347826086957,25.130434782608695,-7.826086956521738,23.82608695652174,0.11394208233538312,22.82608695652174
0,0,0,1,0,0,0,204,47,0.6234898018587336,0.7818314824680297,0.28804347826086957,0.0,22.82608695652174,17.304347826086957,5.521739130434781,41.08695652173913,0.11508118414428017,27.761904761904763
0,0,0,1,0,0,0,204,48,-0.22252093395631434,0.9749279121818236,-0.5583333333333333,0.0,27.761904761904763,22.82608695652174,4.935817805383024,49.857142857142854,0.11471618318957026,27.304347826086957
0,0,0,1,0,0,0,204,49,-0.900968867902419,0.43388373911755823,-0.6565217391304349,0.0,27.304347826086957,27.761904761904763,-0.45755693581780577,51.17391304347826,0.12161131493868446,39.17391304347826
0,0,0,1,0,0,0,204,50,-0.9009688679024191,-0.433883739117558,-1.8282608695652172,0.010869565217391304,39.17391304347826,27.304347826086957,11.869565217391301,70.73913043478261,0.11795695912899626,43.0
0,0,0,1,0,0,0,204,51,-0.2225209339563146,-0.9749279121818235,1.7032608695652172,0.01956521739130435,43.0,39.17391304347826,3.826086956521742,66.78260869565217,0.10969764836192321,57.869565217391305
0,0,0,1,0,0,0,204,52,0.6234898018587334,-0.7818314824680299,3.4521739130434783,0.0,57.869565217391305,43.0,14.869565217391305,65.95652173913044,0.10873071501780122,52.73913043478261
0,0,0,1,0,0,0,204,53,1.0,0.0,4.641304347826087,0.0,52.73913043478261,57.869565217391305,-5.130434782608695,53.69565217391305,0.10841379880965221,41.608695652173914
0,0,0,1,0,0,0,204,54,0.6234898018587336,0.7818314824680297,5.789130434782609,0.0,41.608695652173914,52.73913043478261,-11.130434782608695,45.08695652173913,0.11110466779947492,35.21739130434783
0,0,0,1,0,0,0,204,55,-0.22252093395631434,0.9749279121818236,6.846739130434782,0.006521739130434784,35.21739130434783,41.608695652173914,-6.391304347826086,45.30434782608695,0.11097475464811014,13.173913043478262
0,0,0,1,0,0,0,204,56,-0.900968867902419,0.43388373911755823,7.995652173913044,0.3782608695652174,13.173913043478262,35.21739130434783,-22.043478260869566,21.043478260869566,0.11290547308231735,4.391304347826087
0,0,0,1,0,0,0,204,57,-0.9009688679024191,-0.433883739117558,3.7369565217391307,0.6804347826086957,4.391304347826087,13.173913043478262,-8.782608695652176,13.652173913043478,0.12209755342180025,10.565217391304348
0,0,0,1,0,0,0,204,58,-0.2225209339563146,-0.9749279121818235,4.996739130434783,0.0,10.565217391304348,4.391304347826087,6.173913043478261,20.0,0.11687344945517313,18.52173913043478
0,0,0,1,0,0,0,204,59,0.6234898018587334,-0.7818314824680299,2.325,0.008695652173913044,18.52173913043478,10.565217391304348,7.956521739130434,30.391304347826086,0.11888463325781275,18.47826086956522
0,0,0,1,0,0,0,204,60,1.0,0.0,4.748913043478261,0.08260869565217391,18.47826086956522,18.52173913043478,-0.043478260869562746,28.130434782608695,0.1215260545725896,8.869565217391305
0,0,0,1,0,0,0,204,61,0.6234898018587336,0.7818314824680297,3.5543478260869565,0.0,8.869565217391305,18.47826086956522,-9.608695652173914,15.869565217391305,0.12174122817995467,11.391304347826088
0,0,0,0,0,1,0,203,3,0.6234898018587334,-0.7818314824680299,13.384782608695653,0.004347826086956522,34.95652173913044,25.82608695652174,9.130434782608699,30.17391304347826,62.683298686061555,19.652173913043477
0,0,0,0,0,1,0,203,4,1.0,0.0,14.197826086956523,0.09565217391304348,19.652173913043477,34.95652173913044,-15.30434782608696,24.47826086956522,59.029711157431464,6.434782608695652
0,0,0,0,0,1,0,203,5,0.6234898018587336,0.7818314824680297,9.518478260869566,0.06521739130434782,6.434782608695652,19.652173913043477,-13.217391304347824,29.304347826086957,82.84114316431382,10.217391304347826
0,0,0,0,0,1,0,203,6,-0.22252093395631434,0.9749279121818236,11.057608695652174,0.0,10.217391304347826,6.434782608695652,3.782608695652174,29.652173913043477,86.31415382174283,10.652173913043478
0,0,0,0,0,1,0,203,7,-0.900968867902419,0.43388373911755823,11.018478260869566,0.0,10.652173913043478,10.217391304347826,0.43478260869565233,25.217391304347824,83.38253277019484,14.26086956521739
0,0,0,0,0,1,0,203,8,-0.9009688679024191,-0.433883739117558,11.056521739130435,0.0,14.26086956521739,10.652173913043478,3.608695652173912,27.347826086956523,85.28253152014223,20.91304347826087
0,0,0,0,0,1,0,203,9,-0.2225209339563146,-0.9749279121818235,11.514130434782608,0.02608695652173913,20.91304347826087,14.26086956521739,6.65217391304348,31.0,80.9767805439803,14.869565217391305
0,0,0,0,0,1,0,203,10,0.6234898018587334,-0.7818314824680299,10.804347826086957,0.3,14.869565217391305,20.91304347826087,-6.043478260869566,23.19047619047619,69.63319084555805,4.913043478260869
0,0,0,0,0,1,0,203,11,1.0,0.0,8.238043478260868,0.0,4.913043478260869,14.869565217391305,-9.956521739130435,16.26086956521739,60.57817551518578,3.1739130434782608
0,0,0,0,0,1,0,203,12,0.6234898018587336,0.7818314824680297,12.704347826086956,0.0,3.1739130434782608,4.913043478260869,-1.7391304347826084,10.695652173913043,75.16044492558203,10.478260869565217
0,0,0,0,0,1,0,203,13,-0.22252093395631434,0.9749279121818236,10.091304347826087,0.0,10.478260869565217,3.1739130434782608,7.304347826086956,32.34782608695652,75.18497015710791,21.0
0,0,0,0,0,1,0,203,14,-0.900968867902419,0.43388373911755823,9.925,0.0,21.0,10.478260869565217,10.521739130434783,41.391304347826086,73.91892126472108,25.91304347826087
0,0,0,0,0,1,0,203,15,-0.9009688679024191,-0.433883739117558,9.158695652173913,0.08043478260869565,25.91304347826087,21.0,4.913043478260871,42.56521739130435,75.34455292533099,7.521739130434782
0,0,0,0,0,1,0,203,16,-0.2225209339563146,-0.9749279121818235,8.079347826086956,0.021739130434782608,7.521739130434782,25.91304347826087,-18.39130434782609,25.434782608695652,73.90484137790577,12.130434782608695
0,0,0,0,0,1,0,203,17,0.6234898018587334,-0.7818314824680299,8.666304347826086,0.0,12.130434782608695,7.521739130434782,4.608695652173913,27.956521739130434,67.92187130161132,11.782608695652174
0,0,0,0,0,1,0,203,18,1.0,0.0,9.5,0.0,11.782608695652174,12.130434782608695,-0.3478260869565215,17.043478260869566,61.52148709205683,11.173913043478262
0,0,0,0,0,1,0,203,19,0.6234898018587336,0.7818314824680297,8.818478260869565,0.0,11.173913043478262,11.782608695652174,-0.6086956521739122,28.217391304347824,70.22227820532584,15.652173913043478
0,0,0,0,0,1,0,203,20,-0.22252093395631434,0.9749279121818236,8.809782608695652,0.058695652173913045,15.652173913043478,11.173913043478262,4.478260869565217,30.217391304347824,73.53869001669625,12.434782608695652
0,0,0,0,0,1,0,203,21,-0.900968867902419,0.43388373911755823,9.130434782608695,0.1217391304347826,12.434782608695652,15.652173913043478,-3.217391304347826,37.26086956521739,71.21990849488438,9.91304347826087
0,0,0,0,0,1,0,203,22,-0.9009688679024191,-0.433883739117558,6.435869565217391,0.19999999999999998,9.91304347826087,12.434782608695652,-2.521739130434783,36.0,82.05856267057202,6.913043478260869
0,0,0,0,0,1,0,203,23,-0.2225209339563146,-0.9749279121818235,3.981521739130435,0.07608695652173914,6.913043478260869,9.91304347826087,-3.0,33.08695652173913,79.99540913868277,9.217391304347826
0,0,0,0,0,1,0,203,24,0.6234898018587334,-0.7818314824680299,5.9913043478260875,0.06956521739130435,9.217391304347826,6.913043478260869,2.304347826086957,30.434782608695652,74.9975376278421,15.347826086956522
0,0,0,0,0,1,0,203,25,1.0,0.0,7.3478260869565215,0.004347826086956522,15.347826086956522,9.217391304347826,6.130434782608695,33.17391304347826,66.50812981298724,4.0476190476190474
0,0,0,0,0,1,0,203,26,0.6234898018587336,0.7818314824680297,7.109782608695652,0.0,4.0476190476190474,15.347826086956522,-11.300207039337474,16.15,78.42550957482509,4.173913043478261
0,0,0,0,0,1,0,203,27,-0.22252093395631434,0.9749279121818236,5.001086956521739,0.0,4.173913043478261,4.0476190476190474,0.1262939958592133,13.217391304347826,82.16348776846203,9.434782608695652
0,0,0,0,0,1,0,203,28,-0.900968867902419,0.43388373911755823,2.91195652173913,0.0,9.434782608695652,4.173913043478261,5.260869565217392,28.652173913043477,84.70750513276606,22.391304347826086
0,0,0,0,0,1,0,203,29,-0.9009688679024191,-0.433883739117558,0.7510869565217391,0.0,22.391304347826086,9.434782608695652,12.956521739130434,50.43478260869565,83.30715215252584,24.47826086956522
0,0,0,0,0,1,0,203,30,-0.2225209339563146,-0.9749279121818235,1.5804347826086957,0.0,24.47826086956522,22.391304347826086,2.0869565217391326,52.56521739130435,80.17735288626888,40.95652173913044
0,0,0,0,0,1,0,203,31,0.6234898018587334,-0.7818314824680299,2.6858695652173914,0.0,40.95652173913044,24.47826086956522,16.47826086956522,64.34782608695652,72.2819673177756,15.869565217391305
0,0,0,0,0,1,0,203,32,1.0,0.0,2.1695652173913045,0.0,15.869565217391305,40.95652173913044,-25.086956521739133,32.130434782608695,68.29902175722518,15.130434782608695
0,0,0,0,0,1,0,203,33,0.6234898018587336,0.7818314824680297,3.9336956521739133,0.0,15.130434782608695,15.869565217391305,-0.7391304347826093,41.91304347826087,81.0115728854566,29.391304347826086
0,0,0,0,0,1,0,203,34,-0.22252093395631434,0.9749279121818236,1.8967391304347827,0.0,29.391304347826086,15.130434782608695,14.26086956521739,67.04347826086956,82.53227714285401,17.652173913043477
0,0,0,0,0,1,0,203,35,-0.900968867902419,0.43388373911755823,3.106521739130435,0.0,17.652173913043477,29.391304347826086,-11.73913043478261,46.17391304347826,82.97682322425156,22.391304347826086
0,0,0,0,0,1,0,203,36,-0.9009688679024191,-0.433883739117558,3.7619565217391306,0.0,22.391304347826086,17.652173913043477,4.739130434782609,57.69565217391305,84.16003468868166,32.0
0,0,0,0,0,1,0,203,37,-0.2225209339563146,-0.9749279121818235,2.5565217391304347,0.0,32.0,22.391304347826086,9.608695652173914,68.14285714285714,78.79403281030197,26.869565217391305
0,0,0,0,0,1,0,203,38,0.6234898018587334,-0.7818314824680299,3.039130434782609,0.0,26.869565217391305,32.0,-5.130434782608695,82.69565217391305,68.55745659076842,26.130434782608695
0,0,0,0,0,1,0,203,39,1.0,0.0,1.1597826086956522,0.0,26.130434782608695,26.869565217391305,-0.7391304347826093,66.91304347826087,69.4461758634138,27.26086956521739
0,0,0,0,0,1,0,203,40,0.6234898018587336,0.7818314824680297,1.7076086956521739,0.0,27.26086956521739,26.130434782608695,1.1304347826086953,66.82608695652173,75.55805257366048,35.69565217391305
0,0,0,0,0,1,0,203,41,-0.22252093395631434,0.9749279121818236,3.3902173913043474,0.0,35.69565217391305,27.26086956521739,8.434782608695656,75.04347826086956,71.82645977198456,35.82608695652174
0,0,0,0,0,1,0,203,42,-0.900968867902419,0.43388373911755823,2.8413043478260867,0.0,35.82608695652174,35.69565217391305,0.13043478260869534,74.95652173913044,92.01085027969727,31.782608695652176
0,0,0,0,0,1,0,203,43,-0.9009688679024191,-0.433883739117558,2.651086956521739,0.0,31.782608695652176,35.82608695652174,-4.043478260869566,67.52173913043478,79.17238755156177,25.130434782608695
0,0,0,0,0,1,0,203,44,-0.2225209339563146,-0.9749279121818235,2.926086956521739,0.0,25.130434782608695,31.782608695652176,-6.65217391304348,61.82608695652174,78.48193742787409,21.91304347826087
0,0,0,0,0,1,0,203,45,0.6234898018587334,-0.7818314824680299,2.992391304347826,0.0,21.91304347826087,25.130434782608695,-3.2173913043478244,56.04347826086956,68.6312622581497,22.434782608695652
0,0,0,0,0,1,0,203,46,1.0,0.0,3.7021739130434783,0.0,22.434782608695652,21.91304347826087,0.5217391304347814,57.82608695652174,70.16405602125492,18.347826086956523
0,0,0,0,0,1,0,203,47,0.6234898018587336,0.7818314824680297,3.260869565217391,0.0,18.347826086956523,22.434782608695652,-4.086956521739129,55.73913043478261,75.96252391898788,25.565217391304348
0,0,0,0,0,1,0,203,48,-0.22252093395631434,0.9749279121818236,2.596739130434783,0.0,25.565217391304348,18.347826086956523,7.217391304347824,66.73913043478261,78.19393631923488,26.91304347826087
0,0,0,0,0,1,0,203,49,-0.900968867902419,0.43388373911755823,2.1380434782608693,0.0,26.91304347826087,25.565217391304348,1.3478260869565233,68.3913043478261,78.58171607204952,34.8421052631579
0,0,0,0,0,1,0,203,50,-0.9009688679024191,-0.433883739117558,0.49404761904761907,0.011904761904761904,34.8421052631579,26.91304347826087,7.929061784897026,78.65,77.34915620950535,42.08695652173913
0,0,0,0,0,1,0,203,51,-0.2225209339563146,-0.9749279121818235,2.832608695652174,0.015217391304347825,42.08695652173913,34.8421052631579,7.244851258581235,64.1304347826087,75.62483556740396,58.82608695652174
0,0,0,0,0,1,0,203,52,0.6234898018587334,-0.7818314824680299,4.815217391304348,0.0,58.82608695652174,42.08695652173913,16.73913043478261,72.26086956521739,67.52743416032648,65.95652173913044
0,0,0,0,0,1,0,203,53,1.0,0.0,5.664130434782609,0.01956521739130435,65.95652173913044,58.82608695652174,7.130434782608695,69.0,69.19166784926436,51.82608695652174
0,0,0,0,0,1,0,203,54,0.6234898018587336,0.7818314824680297,6.721739130434782,0.0,51.82608695652174,65.95652173913044,-14.130434782608695,54.95652173913044,69.06237776356136,42.34782608695652
0,0,0,0,0,1,0,203,55,-0.22252093395631434,0.9749279121818236,7.239130434782608,0.026086956521739136,42.34782608695652,51.82608695652174,-9.478260869565219,49.56521739130435,68.79467336439795,23.82608695652174
0,0,0,0,0,1,0,203,56,-0.900968867902419,0.43388373911755823,7.591304347826087,0.17608695652173917,23.82608695652174,42.34782608695652,-18.521739130434785,49.130434782608695,61.851481589694906,4.521739130434782
0,0,0,0,0,1,0,203,57,-0.9009688679024191,-0.433883739117558,5.235869565217391,0.5130434782608696,4.521739130434782,23.82608695652174,-19.304347826086957,14.347826086956522,64.4019931690659,8.652173913043478
0,0,0,0,0,1,0,203,58,-0.2225209339563146,-0.9749279121818235,6.313043478260869,0.0,8.652173913043478,4.521739130434782,4.130434782608696,32.391304347826086,67.22390668019558,17.608695652173914
0,0,0,0,0,1,0,203,59,0.6234898018587334,-0.7818314824680299,3.6532608695652176,0.0,17.608695652173914,8.652173913043478,8.956521739130435,39.391304347826086,64.41175313112942,20.52173913043478
0,0,0,0,0,1,0,203,60,1.0,0.0,5.020652173913043,0.058695652173913045,20.52173913043478,17.608695652173914,2.9130434782608674,38.91304347826087,64.39033361219953,8.565217391304348
0,0,0,0,0,1,0,203,61,0.6234898018587336,0.7818314824680297,4.571739130434783,0.0,8.565217391304348,20.52173913043478,-11.956521739130434,29.91304347826087,66.4594439415478,10.478260869565217
0,0,0,0,0,0,1,194,3,0.6234898018587334,-0.7818314824680299,13.73913043478261,0.0,38.95652173913044,33.869565217391305,5.086956521739133,44.30434782608695,55.544790919200615,17.956521739130434
0,0,0,0,0,0,1,194,4,1.0,0.0,14.180434782608694,0.08043478260869566,17.956521739130434,38.95652173913044,-21.000000000000004,29.043478260869566,48.7154040182738,8.434782608695652
0,0,0,0,0,0,1,194,5,0.6234898018587336,0.7818314824680297,9.165217391304349,0.02826086956521739,8.434782608695652,17.956521739130434,-9.521739130434781,41.42857142857143,85.16687781738317,19.52173913043478
0,0,0,0,0,0,1,194,6,-0.22252093395631434,0.9749279121818236,10.957608695652175,0.0,19.52173913043478,8.434782608695652,11.086956521739129,46.82608695652174,82.25907488029112,12.391304347826088
0,0,0,0,0,0,1,194,7,-0.900968867902419,0.43388373911755823,10.967391304347826,0.0,12.391304347826088,19.52173913043478,-7.130434782608694,38.52173913043478,81.50915469815038,28.17391304347826
0,0,0,0,0,0,1,194,8,-0.9009688679024191,-0.433883739117558,10.228260869565217,0.0,28.17391304347826,12.391304347826088,15.782608695652174,49.82608695652174,80.53213316598291,28.434782608695652
0,0,0,0,0,0,1,194,9,-0.2225209339563146,-0.9749279121818235,10.738043478260868,0.004347826086956522,28.434782608695652,28.17391304347826,0.2608695652173907,42.73913043478261,86.6364101778659,16.82608695652174
0,0,0,0,0,0,1,194,10,0.6234898018587334,-0.7818314824680299,10.613043478260868,0.26521739130434785,16.82608695652174,28.434782608695652,-11.608695652173914,34.391304347826086,64.05218157356175,7.782608695652174
0,0,0,0,0,0,1,194,11,1.0,0.0,7.528260869565218,0.0,7.782608695652174,16.82608695652174,-9.043478260869565,26.91304347826087,50.420473573600475,2.608695652173913
0,0,0,0,0,0,1,194,12,0.6234898018587336,0.7818314824680297,12.5,0.0,2.608695652173913,7.782608695652174,-5.173913043478261,7.391304347826087,86.07844382954666,19.217391304347824
0,0,0,0,0,0,1,194,13,-0.22252093395631434,0.9749279121818236,9.104347826086956,0.0,19.217391304347824,2.608695652173913,16.60869565217391,48.04347826086956,83.43686605566943,34.52173913043478
0,0,0,0,0,0,1,194,14,-0.900968867902419,0.43388373911755823,9.220652173913043,0.0,34.52173913043478,19.217391304347824,15.304347826086957,66.69565217391305,85.60065451499655,32.34782608695652
0,0,0,0,0,0,1,194,15,-0.9009688679024191,-0.433883739117558,7.760869565217392,0.13478260869565217,32.34782608695652,34.52173913043478,-2.173913043478258,57.608695652173914,87.28536050366621,11.173913043478262
0,0,0,0,0,0,1,194,16,-0.2225209339563146,-0.9749279121818235,7.561956521739131,0.058695652173913045,11.173913043478262,32.34782608695652,-21.17391304347826,44.43478260869565,84.29711338494542,20.956521739130434
0,0,0,0,0,0,1,194,17,0.6234898018587334,-0.7818314824680299,7.841304347826087,0.0,20.956521739130434,11.173913043478262,9.782608695652172,39.78260869565217,57.98884920685545,11.956521739130435
0,0,0,0,0,0,1,194,18,1.0,0.0,9.339130434782609,0.0,11.956521739130435,20.956521739130434,-8.999999999999998,28.869565217391305,51.79257095015994,17.26086956521739
0,0,0,0,0,0,1,194,19,0.6234898018587336,0.7818314824680297,8.792391304347825,0.0,17.26086956521739,11.956521739130435,5.304347826086955,36.91304347826087,87.63848789224906,25.52173913043478
0,0,0,0,0,0,1,194,20,-0.22252093395631434,0.9749279121818236,8.258695652173913,0.07608695652173914,25.52173913043478,17.26086956521739,8.26086956521739,39.0,90.36334336337568,17.352941176470587
0,0,0,0,0,0,1,194,21,-0.900968867902419,0.43388373911755823,8.90952380952381,0.13571428571428573,17.352941176470587,25.52173913043478,-8.168797953964194,49.125,84.95052973011184,16.434782608695652
0,0,0,0,0,0,1,194,22,-0.9009688679024191,-0.433883739117558,6.283695652173913,0.19999999999999998,16.434782608695652,17.352941176470587,-0.9181585677749347,58.52173913043478,91.89033221717374,18.347826086956523
0,0,0,0,0,0,1,194,23,-0.2225209339563146,-0.9749279121818235,3.678260869565217,0.030434782608695653,18.347826086956523,16.434782608695652,1.913043478260871,57.95652173913044,85.70092928473883,26.91304347826087
0,0,0,0,0,0,1,194,24,0.6234898018587334,-0.7818314824680299,6.4195652173913045,0.0,26.91304347826087,18.347826086956523,8.565217391304348,60.0,65.86516818426651,30.565217391304348
0,0,0,0,0,0,1,194,25,1.0,0.0,7.264130434782608,0.0,30.565217391304348,26.91304347826087,3.6521739130434767,40.69565217391305,53.422945154788074,7.565217391304348
0,0,0,0,0,0,1,194,26,0.6234898018587336,0.7818314824680297,6.014130434782608,0.0,7.565217391304348,30.565217391304348,-23.0,31.130434782608695,85.38588859316872,6.173913043478261
0,0,0,0,0,0,1,194,27,-0.22252093395631434,0.9749279121818236,4.310869565217391,0.0,6.173913043478261,7.565217391304348,-1.391304347826087,19.391304347826086,88.16375573075489,22.545454545454547
0,0,0,0,0,0,1,194,28,-0.900968867902419,0.43388373911755823,1.6445652173913046,0.0,22.545454545454547,6.173913043478261,16.371541501976285,52.47826086956522,89.86040812118006,40.04347826086956
0,0,0,0,0,0,1,194,29,-0.9009688679024191,-0.433883739117558,-0.6532608695652175,0.0,40.04347826086956,22.545454545454547,17.498023715415016,87.17391304347827,89.36536552038038,43.391304347826086
0,0,0,0,0,0,1,194,30,-0.2225209339563146,-0.9749279121818235,0.2858695652173912,0.0,43.391304347826086,40.04347826086956,3.3478260869565233,88.30434782608695,86.63555001296662,49.34782608695652
0,0,0,0,0,0,1,194,31,0.6234898018587334,-0.7818314824680299,1.7826086956521738,0.0,49.34782608695652,43.391304347826086,5.956521739130437,77.43478260869566,66.08520516607489,18.608695652173914
0,0,0,0,0,0,1,194,32,1.0,0.0,2.2978260869565217,0.0,18.608695652173914,49.34782608695652,-30.73913043478261,47.78260869565217,51.63931347626441,38.34782608695652
0,0,0,0,0,0,1,194,33,0.6234898018587336,0.7818314824680297,2.8097826086956523,0.0,38.34782608695652,18.608695652173914,19.73913043478261,89.08695652173913,87.17320793212365,51.08695652173913
0,0,0,0,0,0,1,194,34,-0.22252093395631434,0.9749279121818236,-0.020652173913043442,0.0,51.08695652173913,38.34782608695652,12.73913043478261,103.3,89.69979082068281,41.34782608695652
0,0,0,0,0,0,1,194,35,-0.900968867902419,0.43388373911755823,0.625,0.0,41.34782608695652,51.08695652173913,-9.73913043478261,84.26086956521739,89.76462972501103,47.82608695652174
0,0,0,0,0,0,1,194,36,-0.9009688679024191,-0.433883739117558,1.9456521739130435,0.0,47.82608695652174,41.34782608695652,6.478260869565219,104.3913043478261,90.29906895842768,43.391304347826086
0,0,0,0,0,0,1,194,37,-0.2225209339563146,-0.9749279121818235,2.134782608695652,0.0,43.391304347826086,47.82608695652174,-4.434782608695656,95.73913043478261,86.53913026859752,44.69565217391305
0,0,0,0,0,0,1,194,38,0.6234898018587334,-0.7818314824680299,1.2739130434782608,0.0,44.69565217391305,43.391304347826086,1.3043478260869605,115.95652173913044,63.75813664676144,38.04347826086956
0,0,0,0,0,0,1,194,39,1.0,0.0,-0.8728260869565219,0.0,38.04347826086956,44.69565217391305,-6.652173913043484,80.95652173913044,54.035151067752,39.130434782608695
0,0,0,0,0,0,1,194,40,0.6234898018587336,0.7818314824680297,-0.2195652173913043,0.0,39.130434782608695,38.04347826086956,1.0869565217391326,79.69565217391305,92.55561165739203,58.56521739130435
0,0,0,0,0,0,1,194,41,-0.22252093395631434,0.9749279121818236,1.2793478260869566,0.0,58.56521739130435,39.130434782608695,19.434782608695656,114.56521739130434,89.23232189866438,61.869565217391305
0,0,0,0,0,0,1,194,42,-0.900968867902419,0.43388373911755823,0.3108695652173913,0.0,61.869565217391305,58.56521739130435,3.3043478260869534,101.30434782608695,90.46632681811784,48.91304347826087
0,0,0,0,0,0,1,194,43,-0.9009688679024191,-0.433883739117558,0.2565217391304348,0.0,48.91304347826087,61.869565217391305,-12.956521739130437,87.08695652173913,83.06891893792445,48.47826086956522
0,0,0,0,0,0,1,194,44,-0.2225209339563146,-0.9749279121818235,0.8380434782608696,0.0,48.47826086956522,48.91304347826087,-0.4347826086956488,89.1304347826087,88.22408815354926,42.08695652173913
0,0,0,0,0,0,1,194,45,0.6234898018587334,-0.7818314824680299,0.6728260869565217,0.0,42.08695652173913,48.47826086956522,-6.391304347826086,82.78260869565217,63.046715112854194,30.304347826086957
0,0,0,0,0,0,1,194,46,1.0,0.0,2.725,0.0,30.304347826086957,42.08695652173913,-11.782608695652176,74.43478260869566,52.672068358034565,44.95652173913044
0,0,0,0,0,0,1,194,47,0.6234898018587336,0.7818314824680297,0.8489130434782609,0.0,44.95652173913044,30.304347826086957,14.65217391304348,89.1304347826087,87.2259753511294,50.73913043478261
0,0,0,0,0,0,1,194,48,-0.22252093395631434,0.9749279121818236,-0.20108695652173914,0.0,50.73913043478261,44.95652173913044,5.782608695652172,91.56521739130434,89.70842582216939,45.130434782608695
0,0,0,0,0,0,1,194,49,-0.900968867902419,0.43388373911755823,0.08260869565217384,0.0,45.130434782608695,50.73913043478261,-5.608695652173914,88.6086956521739,89.93059902073729,50.82608695652174
0,0,0,0,0,0,1,194,50,-0.9009688679024191,-0.433883739117558,-0.9369565217391305,0.008695652173913044,50.82608695652174,45.130434782608695,5.695652173913047,87.65217391304348,94.54569046236125,54.95
0,0,0,0,0,0,1,194,51,-0.2225209339563146,-0.9749279121818235,1.92,0.025,54.95,50.82608695652174,4.123913043478261,82.5,81.94506259327058,77.26086956521739
0,0,0,0,0,0,1,194,52,0.6234898018587334,-0.7818314824680299,3.845652173913044,0.0,77.26086956521739,54.95,22.310869565217388,98.52173913043478,65.27394870652601,69.78260869565217
0,0,0,0,0,0,1,194,53,1.0,0.0,5.253260869565217,0.0,69.78260869565217,77.26086956521739,-7.478260869565219,76.6086956521739,58.94537666411363,59.43478260869565
0,0,0,0,0,0,1,194,54,0.6234898018587336,0.7818314824680297,6.342391304347826,0.0,59.43478260869565,69.78260869565217,-10.347826086956523,78.56521739130434,82.54153388392965,47.82608695652174
0,0,0,0,0,0,1,194,55,-0.22252093395631434,0.9749279121818236,7.3489130434782615,0.008695652173913044,47.82608695652174,59.43478260869565,-11.608695652173907,72.08695652173913,68.4589718085918,18.0
0,0,0,0,0,0,1,194,56,-0.900968867902419,0.43388373911755823,8.548913043478262,0.2760869565217391,18.0,47.82608695652174,-29.826086956521742,53.34782608695652,52.269731453247104,5.260869565217392
0,0,0,0,0,0,1,194,57,-0.9009688679024191,-0.433883739117558,4.604347826086957,0.7434782608695653,5.260869565217392,18.0,-12.73913043478261,26.08695652173913,54.651643419913924,16.782608695652176
0,0,0,0,0,0,1,194,58,-0.2225209339563146,-0.9749279121818235,6.196739130434783,0.0,16.782608695652176,5.260869565217392,11.521739130434785,50.04347826086956,67.62681475259288,27.869565217391305
0,0,0,0,0,0,1,194,59,0.6234898018587334,-0.7818314824680299,2.7793478260869566,0.0,27.869565217391305,16.782608695652176,11.086956521739129,50.26086956521739,58.82647025804185,23.26086956521739
0,0,0,0,0,0,1,194,60,1.0,0.0,5.203260869565217,0.08260869565217392,23.26086956521739,27.869565217391305,-4.608695652173914,48.04347826086956,56.395637958656536,18.565217391304348
0,0,0,0,0,0,1,194,61,0.6234898018587336,0.7818314824680297,3.869565217391304,0.0,18.565217391304348,23.26086956521739,-4.695652173913043,54.78260869565217,67.83947029895215,22.695652173913043
