station_Borgo Valsugana,station_Monte Gaza,station_Parco S. Chiara,station_Piana Rotaliana,station_Riva del Garda,station_Rovereto,elevation,day,cos_week_day,sin_week_day,temperature,precipitation,O3_1,O3_2,O3_diff_1,PM10_1,NO2_1,power_area_50_1,target
1,0,0,0,0,0,410,3,0.6234898018587334,-0.7818314824680299,11.231521739130434,0.013043478260869568,14.08695652173913,7.043478260869565,7.043478260869565,28.869565217391305,21.08695652173913,18.197335155890297,15.608695652173912
1,0,0,0,0,0,410,4,1.0,0.0,10.796739130434784,0.12608695652173912,15.608695652173912,14.08695652173913,1.5217391304347814,23.652173913043477,18.82608695652174,17.47847537615935,6.086956521739131
1,0,0,0,0,0,410,5,0.6234898018587336,0.7818314824680297,7.609782608695652,0.02826086956521739,6.086956521739131,15.608695652173912,-9.521739130434781,14.73913043478261,26.73913043478261,37.20039975444744,8.478260869565217
1,0,0,0,0,0,410,6,-0.22252093395631434,0.9749279121818236,9.641304347826088,0.0,8.478260869565217,6.086956521739131,2.391304347826086,17.0,25.91304347826087,37.421266267979355,14.608695652173912
1,0,0,0,0,0,410,7,-0.900968867902419,0.43388373911755823,9.980434782608697,0.0,14.608695652173912,8.478260869565217,6.130434782608695,14.73913043478261,26.956521739130434,35.957377099386726,7.869565217391305
1,0,0,0,0,0,410,8,-0.9009688679024191,-0.433883739117558,8.371739130434783,0.0,7.869565217391305,14.608695652173912,-6.7391304347826075,26.08695652173913,27.26086956521739,37.3667606938135,3.6956521739130435
1,0,0,0,0,0,410,9,-0.2225209339563146,-0.9749279121818235,9.639130434782608,0.017391304347826087,3.6956521739130435,7.869565217391305,-4.173913043478262,34.0,25.217391304347824,36.440558176225096,17.217391304347824
1,0,0,0,0,0,410,10,0.6234898018587334,-0.7818314824680299,10.21195652173913,0.2434782608695652,17.217391304347824,3.6956521739130435,13.521739130434781,19.17391304347826,21.869565217391305,16.39111853526051,26.652173913043477
1,0,0,0,0,0,410,11,1.0,0.0,6.825,0.0,26.652173913043477,17.217391304347824,9.434782608695652,8.956521739130435,14.826086956521738,18.65250752333307,61.91304347826087
1,0,0,0,0,0,410,12,0.6234898018587336,0.7818314824680297,11.504347826086958,0.0,61.91304347826087,26.652173913043477,35.26086956521739,4.521739130434782,13.91304347826087,36.32641333400467,20.09090909090909
1,0,0,0,0,0,410,13,-0.22252093395631434,0.9749279121818236,7.877272727272728,0.0,20.09090909090909,61.91304347826087,-41.82213438735178,22.142857142857142,34.857142857142854,37.41715803124518,5.478260869565218
1,0,0,0,0,0,410,14,-0.900968867902419,0.43388373911755823,8.356521739130434,0.008695652173913044,5.478260869565218,20.09090909090909,-14.612648221343871,34.91304347826087,35.0,37.65381077196358,4.434782608695652
1,0,0,0,0,0,410,15,-0.9009688679024191,-0.433883739117558,7.575,0.07608695652173914,4.434782608695652,5.478260869565218,-1.0434782608695654,27.681818181818183,28.0,37.6949005019226,13.043478260869565
1,0,0,0,0,0,410,16,-0.2225209339563146,-0.9749279121818235,6.126086956521739,0.14347826086956522,13.043478260869565,4.434782608695652,8.608695652173912,14.73913043478261,29.0,40.731174251503894,6.695652173913044
1,0,0,0,0,0,410,17,0.6234898018587334,-0.7818314824680299,6.939130434782609,0.0,6.695652173913044,13.043478260869565,-6.347826086956521,22.043478260869566,22.782608695652176,21.003955442825657,10.304347826086957
1,0,0,0,0,0,410,18,1.0,0.0,8.08695652173913,0.0,10.304347826086957,6.695652173913044,3.608695652173913,17.47826086956522,17.82608695652174,18.90811871094111,5.086956521739131
1,0,0,0,0,0,410,19,0.6234898018587336,0.7818314824680297,7.689130434782609,0.0,5.086956521739131,10.304347826086957,-5.217391304347826,20.391304347826086,23.782608695652176,37.62208137528542,3.347826086956522
1,0,0,0,0,0,410,20,-0.22252093395631434,0.9749279121818236,7.128260869565217,0.20434782608695654,3.347826086956522,5.086956521739131,-1.7391304347826089,27.782608695652176,32.04347826086956,39.953714691997156,11.869565217391305
1,0,0,0,0,0,410,21,-0.900968867902419,0.43388373911755823,8.009782608695652,0.04130434782608696,11.869565217391305,3.347826086956522,8.521739130434783,17.391304347826086,31.0,39.95596297940617,35.30434782608695
1,0,0,0,0,0,410,22,-0.9009688679024191,-0.433883739117558,4.6706521739130435,0.10652173913043479,35.30434782608695,11.869565217391305,23.43478260869565,9.869565217391305,18.695652173913043,41.17396356933174,25.130434782608695
1,0,0,0,0,0,410,23,-0.2225209339563146,-0.9749279121818235,3.2271739130434782,0.02391304347826087,25.130434782608695,35.30434782608695,-10.173913043478258,13.695652173913043,32.78260869565217,38.18277598412425,9.73913043478261
1,0,0,0,0,0,410,24,0.6234898018587334,-0.7818314824680299,2.48804347826087,0.1565217391304348,9.73913043478261,25.130434782608695,-15.391304347826086,26.565217391304348,34.82608695652174,23.273428782798156,15.26086956521739
1,0,0,0,0,0,410,25,1.0,0.0,5.28695652173913,0.03695652173913044,15.26086956521739,9.73913043478261,5.521739130434781,20.73913043478261,22.52173913043478,18.806151071958908,45.08695652173913
1,0,0,0,0,0,410,26,0.6234898018587336,0.7818314824680297,3.6934782608695653,0.0,45.08695652173913,15.26086956521739,29.826086956521742,9.0,26.956521739130434,38.17054426566548,50.869565217391305
1,0,0,0,0,0,410,27,-0.22252093395631434,0.9749279121818236,2.235869565217391,0.0,50.869565217391305,45.08695652173913,5.782608695652172,10.217391304347826,22.35,39.07011983555663,26.91304347826087
1,0,0,0,0,0,410,28,-0.900968867902419,0.43388373911755823,0.7771739130434783,0.0,26.91304347826087,50.869565217391305,-23.956521739130434,20.347826086956523,40.869565217391305,39.98131040053226,9.347826086956522
1,0,0,0,0,0,410,29,-0.9009688679024191,-0.433883739117558,-1.1217391304347826,0.0,9.347826086956522,26.91304347826087,-17.56521739130435,39.69565217391305,45.30434782608695,40.81021783306116,9.826086956521738
1,0,0,0,0,0,410,30,-0.2225209339563146,-0.9749279121818235,-0.558695652173913,0.0,9.826086956521738,9.347826086956522,0.47826086956521685,43.08695652173913,45.08695652173913,38.59333037316212,8.478260869565217
1,0,0,0,0,0,410,31,0.6234898018587334,-0.7818314824680299,0.7608695652173914,0.0,8.478260869565217,9.826086956521738,-1.3478260869565215,51.52173913043478,44.08695652173913,23.31383661373376,11.08695652173913
1,0,0,0,0,0,410,32,1.0,0.0,0.02499999999999996,0.0,11.08695652173913,8.478260869565217,2.608695652173914,36.34782608695652,36.91304347826087,19.286925457367467,9.043478260869565
1,0,0,0,0,0,410,33,0.6234898018587336,0.7818314824680297,0.5630434782608695,0.0,9.043478260869565,11.08695652173913,-2.0434782608695663,45.391304347826086,53.08695652173913,39.49497980787761,6.956521739130435
1,0,0,0,0,0,410,34,-0.22252093395631434,0.9749279121818236,0.4054347826086957,0.0,6.956521739130435,9.043478260869565,-2.08695652173913,45.26086956521739,52.69565217391305,41.40684853879599,7.695652173913044
1,0,0,0,0,0,410,35,-0.900968867902419,0.43388373911755823,1.1,0.0,7.695652173913044,6.956521739130435,0.7391304347826093,47.91304347826087,59.82608695652174,42.40825966122472,7.173913043478261
1,0,0,0,0,0,410,36,-0.9009688679024191,-0.433883739117558,1.3456521739130434,0.0,7.173913043478261,7.695652173913044,-0.5217391304347831,52.17391304347826,53.869565217391305,41.17311296683275,24.0
1,0,0,0,0,0,410,37,-0.2225209339563146,-0.9749279121818235,4.192391304347826,0.0,24.0,7.173913043478261,16.82608695652174,33.08695652173913,42.69565217391305,40.95974831849329,34.30434782608695
1,0,0,0,0,0,410,38,0.6234898018587334,-0.7818314824680299,3.7054347826086955,0.0,34.30434782608695,24.0,10.304347826086953,30.47826086956522,42.0,25.643524357531504,11.521739130434783
1,0,0,0,0,0,410,39,1.0,0.0,-1.0543478260869565,0.0,11.521739130434783,34.30434782608695,-22.782608695652172,42.78260869565217,42.391304347826086,20.054605327823616,5.0
1,0,0,0,0,0,410,40,0.6234898018587336,0.7818314824680297,-0.5619047619047619,0.0,5.0,11.521739130434783,-6.521739130434783,50.285714285714285,50.1,40.56319479293805,7.565217391304348
1,0,0,0,0,0,410,41,-0.22252093395631434,0.9749279121818236,2.1293478260869567,0.0,7.565217391304348,5.0,2.5652173913043477,56.608695652173914,53.69565217391305,41.50971689468782,4.956521739130435
1,0,0,0,0,0,410,42,-0.900968867902419,0.43388373911755823,1.55,0.0,4.956521739130435,7.565217391304348,-2.608695652173913,47.130434782608695,49.0,42.08876689076613,5.086956521739131
1,0,0,0,0,0,410,43,-0.9009688679024191,-0.433883739117558,1.075,0.0,5.086956521739131,4.956521739130435,0.13043478260869623,44.73913043478261,46.21739130434783,40.34711216615224,5.782608695652174
1,0,0,0,0,0,410,44,-0.2225209339563146,-0.9749279121818235,1.157608695652174,0.0,5.782608695652174,5.086956521739131,0.695652173913043,41.52173913043478,49.69565217391305,40.60463067231553,7.956521739130435
1,0,0,0,0,0,410,45,0.6234898018587334,-0.7818314824680299,1.091304347826087,0.0,7.956521739130435,5.782608695652174,2.1739130434782608,38.391304347826086,43.78260869565217,23.24535861616113,9.347826086956522
1,0,0,0,0,0,410,46,1.0,0.0,2.4619565217391304,0.0,9.347826086956522,7.956521739130435,1.391304347826087,39.34782608695652,42.91304347826087,20.657307941956976,5.956521739130435
1,0,0,0,0,0,410,47,0.6234898018587336,0.7818314824680297,1.0695652173913044,0.0,5.956521739130435,9.347826086956522,-3.391304347826087,42.30434782608695,54.78260869565217,39.49552991907836,5.608695652173913
1,0,0,0,0,0,410,48,-0.22252093395631434,0.9749279121818236,0.5608695652173913,0.0,5.608695652173913,5.956521739130435,-0.3478260869565215,47.34782608695652,53.608695652173914,40.84083310815513,4.869565217391305
1,0,0,0,0,0,410,49,-0.900968867902419,0.43388373911755823,-0.03586956521739129,0.0,4.869565217391305,5.608695652173913,-0.7391304347826084,51.869565217391305,54.47826086956522,28.21327840078607,4.6521739130434785
1,0,0,0,0,0,410,50,-0.9009688679024191,-0.433883739117558,-0.6032608695652174,0.0,4.6521739130434785,4.869565217391305,-0.21739130434782616,65.43478260869566,52.73913043478261,38.931187522497986,2.608695652173913
1,0,0,0,0,0,410,51,-0.2225209339563146,-0.9749279121818235,2.3347826086956522,0.0,2.608695652173913,4.6521739130434785,-2.0434782608695654,67.95652173913044,50.869565217391305,28.961274545601533,2.130434782608696
1,0,0,0,0,0,410,52,0.6234898018587334,-0.7818314824680299,4.2423913043478265,0.0,2.130434782608696,2.608695652173913,-0.4782608695652173,66.65217391304348,36.08695652173913,26.77084744534785,1.826086956521739
1,0,0,0,0,0,410,53,1.0,0.0,4.511956521739131,0.002173913043478261,1.826086956521739,2.130434782608696,-0.30434782608695676,68.08695652173913,28.652173913043477,23.45422081972269,1.4782608695652173
1,0,0,0,0,0,410,54,0.6234898018587336,0.7818314824680297,5.885869565217392,0.0,1.4782608695652173,1.826086956521739,-0.34782608695652173,64.26086956521739,32.69565217391305,30.151842446513484,1.391304347826087
1,0,0,0,0,0,410,55,-0.22252093395631434,0.9749279121818236,5.632608695652174,0.017391304347826087,1.391304347826087,1.4782608695652173,-0.08695652173913038,53.130434782608695,30.82608695652174,25.757481986115394,5.130434782608695
1,0,0,0,0,0,410,56,-0.900968867902419,0.43388373911755823,6.566304347826088,0.23695652173913045,5.130434782608695,1.391304347826087,3.7391304347826084,22.26086956521739,22.043478260869566,22.00605210569486,7.565217391304348
1,0,0,0,0,0,410,57,-0.9009688679024191,-0.433883739117558,4.967391304347826,0.8826086956521739,7.565217391304348,5.130434782608695,2.4347826086956523,8.434782608695652,19.695652173913043,22.50453501027771,3.391304347826087
1,0,0,0,0,0,410,58,-0.2225209339563146,-0.9749279121818235,3.365217391304348,0.0,3.391304347826087,7.565217391304348,-4.173913043478261,22.73913043478261,36.17391304347826,25.497939969442033,4.521739130434782
1,0,0,0,0,0,410,59,0.6234898018587334,-0.7818314824680299,1.0847826086956522,0.0,4.521739130434782,3.391304347826087,1.1304347826086953,30.73913043478261,25.434782608695652,24.612335702877953,12.173913043478262
1,0,0,0,0,0,410,60,1.0,0.0,4.818478260869566,0.021739130434782608,12.173913043478262,4.521739130434782,7.652173913043479,23.82608695652174,27.608695652173914,22.838946335287286,7.521739130434782
1,0,0,0,0,0,410,61,0.6234898018587336,0.7818314824680297,1.7206521739130434,0.0,7.521739130434782,12.173913043478262,-4.652173913043479,23.956521739130434,37.0,25.40367412833717,8.73913043478261
0,1,0,0,0,0,252,4,1.0,0.0,13.504347826086958,0.07173913043478261,68.56521739130434,59.78260869565217,8.782608695652172,4.869565217391305,3.5217391304347827,0.0419368878228483,74.17391304347827
0,1,0,0,0,0,252,5,0.6234898018587336,0.7818314824680297,10.382608695652175,0.034782608695652174,74.17391304347827,68.56521739130434,5.608695652173921,2.347826086956522,2.652173913043478,0.04317666561412027,56.30434782608695
0,1,0,0,0,0,252,6,-0.22252093395631434,0.9749279121818236,12.229347826086956,0.0,56.30434782608695,74.17391304347827,-17.86956521739131,1.1111111111111112,4.695652173913044,0.03702584823091243,61.08695652173913
0,1,0,0,0,0,252,7,-0.900968867902419,0.43388373911755823,12.743478260869566,0.0,61.08695652173913,56.30434782608695,4.782608695652179,1.2777777777777777,4.478260869565218,0.03602643516719288,62.130434782608695
0,1,0,0,0,0,252,8,-0.9009688679024191,-0.433883739117558,12.054347826086957,0.0,62.130434782608695,61.08695652173913,1.0434782608695627,4.0,6.173913043478261,0.03585337225730705,48.69565217391305
0,1,0,0,0,0,252,9,-0.2225209339563146,-0.9749279121818235,12.680434782608694,0.002173913043478261,48.69565217391305,62.130434782608695,-13.434782608695649,9.695652173913043,8.130434782608695,0.043446380657436584,62.0
0,1,0,0,0,0,252,13,-0.22252093395631434,0.9749279121818236,11.635,0.32249999999999995,62.0,48.69565217391305,13.304347826086953,1.65,4.611111111111111,0.04572160141992546,70.83333333333333
0,1,0,0,0,0,252,14,-0.900968867902419,0.43388373911755823,10.237499999999999,0.0,70.83333333333333,62.0,8.833333333333329,3.6666666666666665,3.3333333333333335,0.05875426792364987,47.47826086956522
0,1,0,0,0,0,252,15,-0.9009688679024191,-0.433883739117558,10.141304347826088,0.11521739130434783,47.47826086956522,70.83333333333333,-23.35507246376811,9.842105263157896,7.217391304347826,0.043082544004534,51.34782608695652
0,1,0,0,0,0,252,16,-0.2225209339563146,-0.9749279121818235,8.363043478260868,0.05652173913043478,51.34782608695652,47.47826086956522,3.8695652173913047,0.8695652173913043,3.347826086956522,0.04648105402396562,64.0
0,1,0,0,0,0,252,17,0.6234898018587334,-0.7818314824680299,9.707608695652175,0.0,64.0,51.34782608695652,12.652173913043477,2.5217391304347827,1.826086956521739,0.040169318273823945,51.26086956521739
0,1,0,0,0,0,252,18,1.0,0.0,10.451086956521738,0.0,51.26086956521739,64.0,-12.73913043478261,11.869565217391305,2.260869565217391,0.04453232531778799,61.85
0,1,0,0,0,0,252,19,0.6234898018587336,0.7818314824680297,9.810869565217391,0.0,61.85,51.26086956521739,10.58913043478261,2.608695652173913,1.5217391304347827,0.04479816067524892,74.34782608695652
0,1,0,0,0,0,252,20,-0.22252093395631434,0.9749279121818236,10.158695652173913,0.03695652173913044,74.34782608695652,61.85,12.497826086956515,1.2608695652173914,1.3478260869565217,0.0446800867743502,75.34782608695652
0,1,0,0,0,0,252,21,-0.900968867902419,0.43388373911755823,9.2,0.14565217391304347,75.34782608695652,74.34782608695652,1.0,5.304347826086956,2.6956521739130435,0.043055218079507664,70.08695652173913
0,1,0,0,0,0,252,22,-0.9009688679024191,-0.433883739117558,6.3489130434782615,0.16521739130434782,70.08695652173913,75.34782608695652,-5.260869565217391,1.0,3.130434782608696,0.04529845761476799,80.8695652173913
0,1,0,0,0,0,252,23,-0.2225209339563146,-0.9749279121818235,5.000724637681159,0.08550724637681159,80.8695652173913,70.08695652173913,10.782608695652172,2.260869565217391,1.6956521739130435,0.04715610072058938,72.78260869565217
0,1,0,0,0,0,252,24,0.6234898018587334,-0.7818314824680299,8.056521739130435,0.0,72.78260869565217,80.8695652173913,-8.086956521739125,4.0,2.9130434782608696,0.04975457434620674,52.869565217391305
0,1,0,0,0,0,252,25,1.0,0.0,9.863043478260868,0.0,52.869565217391305,72.78260869565217,-19.913043478260867,2.260869565217391,4.478260869565218,0.04562586035543677,75.43478260869566
0,1,0,0,0,0,252,26,0.6234898018587336,0.7818314824680297,7.6521739130434785,0.0,75.43478260869566,52.869565217391305,22.56521739130435,1.8695652173913044,1.826086956521739,0.04041221354546186,77.26086956521739
0,1,0,0,0,0,252,27,-0.22252093395631434,0.9749279121818236,4.646739130434782,0.0,77.26086956521739,75.43478260869566,1.8260869565217348,2.8260869565217392,3.130434782608696,0.03904086719698805,71.65217391304348
0,1,0,0,0,0,252,28,-0.900968867902419,0.43388373911755823,3.2967391304347826,0.0,71.65217391304348,77.26086956521739,-5.608695652173907,4.260869565217392,3.260869565217391,0.056259614444174516,74.34782608695652
0,1,0,0,0,0,252,29,-0.9009688679024191,-0.433883739117558,2.61304347826087,0.0,74.34782608695652,71.65217391304348,2.6956521739130324,3.869565217391304,3.347826086956522,0.04215043320378912,79.8695652173913
0,1,0,0,0,0,252,30,-0.2225209339563146,-0.9749279121818235,3.7902173913043478,0.0,79.8695652173913,74.34782608695652,5.521739130434781,4.6521739130434785,5.130434782608695,0.041840235648935256,67.17391304347827
0,1,0,0,0,0,252,31,0.6234898018587334,-0.7818314824680299,3.914130434782609,0.0,67.17391304347827,79.8695652173913,-12.695652173913032,7.0,8.391304347826088,0.04811401939114236,86.8695652173913
0,1,0,0,0,0,252,32,1.0,0.0,6.822826086956522,0.0,86.8695652173913,67.17391304347827,19.695652173913032,2.347826086956522,1.391304347826087,0.041861994980163506,91.82608695652173
0,1,0,0,0,0,252,33,0.6234898018587336,0.7818314824680297,6.634782608695652,0.0,91.82608695652173,86.8695652173913,4.956521739130437,2.260869565217391,0.6521739130434783,0.041800765221439516,87.43478260869566
0,1,0,0,0,0,252,34,-0.22252093395631434,0.9749279121818236,5.607608695652174,0.0,87.43478260869566,91.82608695652173,-4.391304347826079,1.9565217391304348,0.6956521739130435,0.041702932292931705,86.43478260869566
0,1,0,0,0,0,252,35,-0.900968867902419,0.43388373911755823,8.828260869565218,0.0,86.43478260869566,87.43478260869566,-1.0,2.0869565217391304,0.9130434782608695,0.04204770854586668,86.17391304347827
0,1,0,0,0,0,252,36,-0.9009688679024191,-0.433883739117558,8.315217391304348,0.0,86.17391304347827,86.43478260869566,-0.2608695652173907,4.0,2.9130434782608696,0.042195469941705074,83.0
0,1,0,0,0,0,252,37,-0.2225209339563146,-0.9749279121818235,6.327173913043478,0.0,83.0,86.17391304347827,-3.173913043478265,3.5217391304347827,5.695652173913044,0.04245708831268718,89.26086956521739
0,1,0,0,0,0,252,38,0.6234898018587334,-0.7818314824680299,6.123913043478261,0.0,89.26086956521739,83.0,6.260869565217391,2.782608695652174,2.260869565217391,0.0447696541980406,85.69565217391305
0,1,0,0,0,0,252,39,1.0,0.0,3.7695652173913046,0.0,85.69565217391305,89.26086956521739,-3.565217391304344,2.130434782608696,1.1304347826086956,0.04391952070682531,88.69565217391305
0,1,0,0,0,0,252,40,0.6234898018587336,0.7818314824680297,5.7239130434782615,0.0,88.69565217391305,85.69565217391305,3.0,1.7826086956521738,0.6521739130434783,0.04537891666666662,83.95652173913044
0,1,0,0,0,0,252,41,-0.22252093395631434,0.9749279121818236,6.014130434782608,0.0,83.95652173913044,88.69565217391305,-4.739130434782609,2.3043478260869565,1.9130434782608696,0.04056048109464816,79.04347826086956
0,1,0,0,0,0,252,42,-0.900968867902419,0.43388373911755823,5.790217391304348,0.0,79.04347826086956,83.95652173913044,-4.9130434782608745,3.652173913043478,3.0434782608695654,0.04220845814104117,86.17391304347827
0,1,0,0,0,0,252,43,-0.9009688679024191,-0.433883739117558,6.576086956521739,0.0,86.17391304347827,79.04347826086956,7.1304347826087024,2.8260869565217392,1.6956521739130435,0.042136770241275955,89.08695652173913
0,1,0,0,0,0,252,44,-0.2225209339563146,-0.9749279121818235,8.658695652173913,0.0,89.08695652173913,86.17391304347827,2.9130434782608603,2.260869565217391,1.0434782608695652,0.042347785401991696,84.91304347826087
0,1,0,0,0,0,252,45,0.6234898018587334,-0.7818314824680299,7.4010869565217385,0.0,84.91304347826087,89.08695652173913,-4.173913043478251,2.739130434782609,1.8695652173913044,0.04493209062019265,88.04347826086956
0,1,0,0,0,0,252,46,1.0,0.0,8.383695652173913,0.0,88.04347826086956,84.91304347826087,3.1304347826086882,3.0,1.3043478260869565,0.04310582137073917,90.21739130434783
0,1,0,0,0,0,252,47,0.6234898018587336,0.7818314824680297,8.618478260869566,0.0,90.21739130434783,88.04347826086956,2.173913043478265,2.0,1.0869565217391304,0.04237409928345878,86.95652173913044
0,1,0,0,0,0,252,48,-0.22252093395631434,0.9749279121818236,8.854347826086956,0.0,86.95652173913044,90.21739130434783,-3.2608695652173907,2.4347826086956523,1.434782608695652,0.04211804691927774,89.04347826086956
0,1,0,0,0,0,252,49,-0.900968867902419,0.43388373911755823,6.844565217391305,0.0,89.04347826086956,86.95652173913044,2.0869565217391255,2.9565217391304346,1.3043478260869565,0.044626447291717226,77.78260869565217
0,1,0,0,0,0,252,50,-0.9009688679024191,-0.433883739117558,3.3630434782608694,0.010869565217391304,77.78260869565217,89.04347826086956,-11.26086956521739,8.0,4.260869565217392,0.04968626020160305,83.6086956521739
0,1,0,0,0,0,252,51,-0.2225209339563146,-0.9749279121818235,5.7586956521739125,0.02608695652173913,83.6086956521739,77.78260869565217,5.826086956521735,1.2173913043478262,2.5652173913043477,0.049296109849404864,81.26086956521739
0,1,0,0,0,0,252,52,0.6234898018587334,-0.7818314824680299,7.504347826086956,0.0,81.26086956521739,83.6086956521739,-2.347826086956516,3.5652173913043477,1.0,0.049962047506274754,73.17391304347827
0,1,0,0,0,0,252,53,1.0,0.0,7.135869565217392,0.0,73.17391304347827,81.26086956521739,-8.086956521739125,12.695652173913043,1.8695652173913044,0.04971561015302401,60.57142857142857
0,1,0,0,0,0,252,54,0.6234898018587336,0.7818314824680297,7.840476190476191,0.0071428571428571435,60.57142857142857,73.17391304347827,-12.602484472049696,2.5238095238095237,8.166666666666666,0.04735449747273205,54.47826086956522
0,1,0,0,0,0,252,55,-0.22252093395631434,0.9749279121818236,7.454710144927537,0.008695652173913044,54.47826086956522,60.57142857142857,-6.093167701863351,1.608695652173913,14.130434782608695,0.051673953606995345,77.82608695652173
0,1,0,0,0,0,252,56,-0.900968867902419,0.43388373911755823,8.240217391304348,0.3652173913043478,77.82608695652173,54.47826086956522,23.347826086956516,0.782608695652174,2.4347826086956523,0.0486534490729495,83.6086956521739
0,1,0,0,0,0,252,57,-0.9009688679024191,-0.433883739117558,6.141304347826087,0.5804347826086956,83.6086956521739,77.82608695652173,5.782608695652172,2.0,1.2608695652173914,0.05109033001376403,77.95652173913044
0,1,0,0,0,0,252,58,-0.2225209339563146,-0.9749279121818235,8.991304347826087,0.0,77.95652173913044,83.6086956521739,-5.65217391304347,3.130434782608696,1.434782608695652,0.04668953922759287,75.17391304347827
0,1,0,0,0,0,252,59,0.6234898018587334,-0.7818314824680299,6.631521739130435,0.008695652173913044,75.17391304347827,77.95652173913044,-2.782608695652172,3.869565217391304,1.9565217391304348,0.046599465772002226,76.30434782608695
0,1,0,0,0,0,252,60,1.0,0.0,7.201086956521739,0.08260869565217391,76.30434782608695,75.17391304347827,1.1304347826086882,1.2608695652173914,1.434782608695652,0.049002105092705,82.30434782608695
0,1,0,0,0,0,252,61,0.6234898018587336,0.7818314824680297,6.251086956521739,0.0,82.30434782608695,76.30434782608695,6.0,1.565217391304348,0.5652173913043478,0.04400031701886483,83.6086956521739
0,0,1,0,0,0,312,3,0.6234898018587334,-0.7818314824680299,12.918478260869565,0.002173913043478261,13.695652173913043,5.173913043478261,8.521739130434781,36.30434782608695,33.26086956521739,104.62526583486151,28.130434782608695
0,0,1,0,0,0,312,4,1.0,0.0,13.489855072463767,0.07608695652173914,28.130434782608695,13.695652173913043,14.434782608695652,16.217391304347824,24.08695652173913,98.59061548186564,9.590909090909092
0,0,1,0,0,0,312,5,0.6234898018587336,0.7818314824680297,8.159782608695652,0.06304347826086956,9.590909090909092,28.130434782608695,-18.539525691699602,7.3478260869565215,33.5,125.8967563992483,4.826086956521739
0,0,1,0,0,0,312,6,-0.22252093395631434,0.9749279121818236,10.460869565217392,0.0,4.826086956521739,9.590909090909092,-4.7648221343873525,13.173913043478262,37.34782608695652,124.36313389492715,12.826086956521738
0,0,1,0,0,0,312,7,-0.900968867902419,0.43388373911755823,10.741304347826087,0.0,12.826086956521738,4.826086956521739,7.999999999999999,13.08695652173913,35.391304347826086,123.34982981912391,4.478260869565218
0,0,1,0,0,0,312,8,-0.9009688679024191,-0.433883739117558,10.123913043478261,0.0,4.478260869565218,12.826086956521738,-8.34782608695652,18.565217391304348,37.869565217391305,123.41302603596843,1.565217391304348
0,0,1,0,0,0,312,9,-0.2225209339563146,-0.9749279121818235,10.32717391304348,0.004347826086956522,1.565217391304348,4.478260869565218,-2.91304347826087,21.956521739130434,34.43478260869565,126.04493630653072,13.130434782608695
0,0,1,0,0,0,312,10,0.6234898018587334,-0.7818314824680299,9.610869565217392,0.3239130434782609,13.130434782608695,1.565217391304348,11.565217391304348,15.304347826086957,31.47826086956522,110.79495001747765,23.391304347826086
0,0,1,0,0,0,312,11,1.0,0.0,7.186956521739131,0.002173913043478261,23.391304347826086,13.130434782608695,10.26086956521739,5.086956521739131,22.434782608695652,100.59098403797933,69.95652173913044
0,0,1,0,0,0,312,12,0.6234898018587336,0.7818314824680297,11.995652173913042,0.0,69.95652173913044,23.391304347826086,46.56521739130435,2.5833333333333335,8.347826086956522,127.5878571231391,25.681818181818183
0,0,1,0,0,0,312,13,-0.22252093395631434,0.9749279121818236,9.255434782608695,0.0,25.681818181818183,69.95652173913044,-44.27470355731225,32.166666666666664,43.04347826086956,125.83614119656436,3.9130434782608696
0,0,1,0,0,0,312,14,-0.900968867902419,0.43388373911755823,9.892391304347827,0.0,3.9130434782608696,25.681818181818183,-21.768774703557312,25.956521739130434,51.95652173913044,126.2736825378811,1.608695652173913
0,0,1,0,0,0,312,15,-0.9009688679024191,-0.433883739117558,8.16304347826087,0.12608695652173912,1.608695652173913,3.9130434782608696,-2.3043478260869565,23.47826086956522,43.56521739130435,128.2365166643277,12.043478260869565
0,0,1,0,0,0,312,16,-0.2225209339563146,-0.9749279121818235,6.4913043478260875,0.1,12.043478260869565,1.608695652173913,10.434782608695652,7.304347826086956,35.26086956521739,130.06129579266874,4.391304347826087
0,0,1,0,0,0,312,17,0.6234898018587334,-0.7818314824680299,7.7945652173913045,0.0,4.391304347826087,12.043478260869565,-7.652173913043478,13.652173913043478,30.304347826086957,106.92578559463749,6.565217391304348
0,0,1,0,0,0,312,18,1.0,0.0,8.418478260869565,0.0,6.565217391304348,4.391304347826087,2.1739130434782608,10.434782608695652,27.52173913043478,99.89789136727167,2.782608695652174
0,0,1,0,0,0,312,19,0.6234898018587336,0.7818314824680297,7.951086956521739,0.0,2.782608695652174,6.565217391304348,-3.782608695652174,13.652173913043478,32.43478260869565,128.3581252802844,1.0869565217391304
0,0,1,0,0,0,312,20,-0.22252093395631434,0.9749279121818236,7.440217391304348,0.09782608695652174,1.0869565217391304,2.782608695652174,-1.6956521739130435,19.869565217391305,35.17391304347826,132.0782905531385,5.782608695652174
0,0,1,0,0,0,312,21,-0.900968867902419,0.43388373911755823,8.255434782608695,0.09565217391304348,5.782608695652174,1.0869565217391304,4.695652173913043,12.217391304347826,40.30434782608695,127.96864910609747,16.363636363636363
0,0,1,0,0,0,312,22,-0.9009688679024191,-0.433883739117558,5.517045454545454,0.17500000000000002,16.363636363636363,5.782608695652174,10.58102766798419,9.3,40.95,131.61360921829274,11.217391304347826
0,0,1,0,0,0,312,23,-0.2225209339563146,-0.9749279121818235,3.417391304347826,0.04565217391304348,11.217391304347826,16.363636363636363,-5.146245059288537,12.043478260869565,48.608695652173914,130.00600305691378,26.956521739130434
0,0,1,0,0,0,312,24,0.6234898018587334,-0.7818314824680299,5.1510869565217385,0.0,26.956521739130434,11.217391304347826,15.739130434782608,9.217391304347826,26.608695652173914,113.37175168968764,6.6521739130434785
0,0,1,0,0,0,312,25,1.0,0.0,8.291304347826086,0.0,6.6521739130434785,26.956521739130434,-20.304347826086953,16.52173913043478,38.869565217391305,102.60853522601988,46.30434782608695
0,0,1,0,0,0,312,26,0.6234898018587336,0.7818314824680297,6.715217391304347,0.0,46.30434782608695,6.6521739130434785,39.65217391304348,3.5217391304347827,27.17391304347826,127.60979283432249,61.91304347826087
0,0,1,0,0,0,312,27,-0.22252093395631434,0.9749279121818236,4.096739130434782,0.0,61.91304347826087,46.30434782608695,15.608695652173914,3.9565217391304346,14.608695652173912,131.1467363179791,29.043478260869566
0,0,1,0,0,0,312,28,-0.900968867902419,0.43388373911755823,2.11304347826087,0.0,29.043478260869566,61.91304347826087,-32.8695652173913,14.608695652173912,43.04347826086956,134.55415568929854,5.913043478260869
0,0,1,0,0,0,312,29,-0.9009688679024191,-0.433883739117558,0.9967391304347825,0.0,5.913043478260869,29.043478260869566,-23.130434782608695,28.565217391304348,62.47826086956522,133.68403544030048,4.869565217391305
0,0,1,0,0,0,312,30,-0.2225209339563146,-0.9749279121818235,1.7141304347826085,0.0,4.869565217391305,5.913043478260869,-1.0434782608695645,30.782608695652176,65.47826086956522,132.50999102292894,3.8260869565217392
0,0,1,0,0,0,312,31,0.6234898018587334,-0.7818314824680299,2.3380434782608694,0.0,3.8260869565217392,4.869565217391305,-1.0434782608695654,38.52173913043478,67.6086956521739,118.13843733060635,15.652173913043478
0,0,1,0,0,0,312,32,1.0,0.0,3.067391304347826,0.0,15.652173913043478,3.8260869565217392,11.826086956521738,16.17391304347826,44.391304347826086,108.42944012669686,12.956521739130435
0,0,1,0,0,0,312,33,0.6234898018587336,0.7818314824680297,3.9989130434782605,0.0,12.956521739130435,15.652173913043478,-2.695652173913043,22.043478260869566,63.869565217391305,133.53478329505353,4.285714285714286
0,0,1,0,0,0,312,34,-0.22252093395631434,0.9749279121818236,3.41195652173913,0.0,4.285714285714286,12.956521739130435,-8.670807453416149,32.47826086956522,75.2,135.20114368726792,6.695652173913044
0,0,1,0,0,0,312,35,-0.900968867902419,0.43388373911755823,3.65,0.0,6.695652173913044,4.285714285714286,2.4099378881987583,30.869565217391305,71.65217391304348,136.18569682752042,5.6521739130434785
0,0,1,0,0,0,312,36,-0.9009688679024191,-0.433883739117558,5.05,0.0,5.6521739130434785,6.695652173913044,-1.0434782608695654,31.695652173913043,78.8695652173913,130.24229731208186,5.956521739130435
0,0,1,0,0,0,312,37,-0.2225209339563146,-0.9749279121818235,4.480434782608696,0.0,5.956521739130435,5.6521739130434785,0.3043478260869561,31.347826086956523,80.91304347826087,133.35042849285435,7.956521739130435
0,0,1,0,0,0,312,38,0.6234898018587334,-0.7818314824680299,6.108695652173913,0.0,7.956521739130435,5.956521739130435,2.0,23.304347826086957,92.1304347826087,118.35496724481138,11.26086956521739
0,0,1,0,0,0,312,39,1.0,0.0,2.7902173913043478,0.0,11.26086956521739,7.956521739130435,3.304347826086956,20.26086956521739,62.869565217391305,109.70283612227372,5.130434782608695
0,0,1,0,0,0,312,40,0.6234898018587336,0.7818314824680297,1.3478260869565217,0.0,5.130434782608695,11.26086956521739,-6.130434782608695,32.21739130434783,73.8695652173913,137.17162909582575,5.043478260869565
0,0,1,0,0,0,312,41,-0.22252093395631434,0.9749279121818236,4.978260869565218,0.0,5.043478260869565,5.130434782608695,-0.08695652173912993,39.56521739130435,84.6086956521739,134.76112927382334,4.956521739130435
0,0,1,0,0,0,312,42,-0.900968867902419,0.43388373911755823,4.1695652173913045,0.0,4.956521739130435,5.043478260869565,-0.08695652173913082,39.47826086956522,76.26086956521739,135.55548228244862,4.913043478260869
0,0,1,0,0,0,312,43,-0.9009688679024191,-0.433883739117558,3.5043478260869563,0.0,4.913043478260869,4.956521739130435,-0.04347826086956541,34.47826086956522,71.47826086956522,134.8607064118684,5.285714285714286
0,0,1,0,0,0,312,44,-0.2225209339563146,-0.9749279121818235,3.865217391304348,0.0,5.285714285714286,4.913043478260869,0.3726708074534164,34.8235294117647,73.75,134.82103177485322,6.565217391304348
0,0,1,0,0,0,312,45,0.6234898018587334,-0.7818314824680299,3.8282608695652174,0.0,6.565217391304348,5.285714285714286,1.279503105590062,28.52173913043478,69.21739130434783,118.49530669090633,15.608695652173912
0,0,1,0,0,0,312,46,1.0,0.0,5.981521739130436,0.0,15.608695652173912,6.565217391304348,9.043478260869565,18.73913043478261,61.17391304347826,107.16377390554129,6.130434782608695
0,0,1,0,0,0,312,47,0.6234898018587336,0.7818314824680297,3.792391304347826,0.0,6.130434782608695,15.608695652173912,-9.478260869565217,28.217391304347824,75.52173913043478,111.19148402642747,5.739130434782608
0,0,1,0,0,0,312,48,-0.22252093395631434,0.9749279121818236,3.654347826086956,0.0,5.739130434782608,6.130434782608695,-0.3913043478260869,42.130434782608695,75.3913043478261,136.62984117465928,5.782608695652174
0,0,1,0,0,0,312,49,-0.900968867902419,0.43388373911755823,2.7130434782608694,0.0,5.782608695652174,5.739130434782608,0.04347826086956541,33.21739130434783,76.17391304347827,136.6131149298956,4.173913043478261
0,0,1,0,0,0,312,50,-0.9009688679024191,-0.433883739117558,0.06521739130434782,0.004347826086956522,4.173913043478261,5.782608695652174,-1.608695652173913,40.43478260869565,78.43478260869566,140.23280481501487,3.347826086956522
0,0,1,0,0,0,312,51,-0.2225209339563146,-0.9749279121818235,1.908695652173913,0.02391304347826087,3.347826086956522,4.173913043478261,-0.8260869565217388,44.52173913043478,77.0,138.2581952084709,3.8260869565217392
0,0,1,0,0,0,312,52,0.6234898018587334,-0.7818314824680299,4.452173913043478,0.0,3.8260869565217392,3.347826086956522,0.4782608695652173,59.04347826086956,83.65217391304348,115.83107057175285,3.652173913043478
0,0,1,0,0,0,312,53,1.0,0.0,5.265217391304348,0.0,3.652173913043478,3.8260869565217392,-0.1739130434782612,54.17391304347826,68.8695652173913,108.56400500637373,3.8260869565217392
0,0,1,0,0,0,312,54,0.6234898018587336,0.7818314824680297,6.060869565217391,0.0,3.8260869565217392,3.652173913043478,0.1739130434782612,45.17391304347826,60.130434782608695,125.81945718251363,3.3043478260869565
0,0,1,0,0,0,312,55,-0.22252093395631434,0.9749279121818236,6.9195652173913045,0.017391304347826087,3.3043478260869565,3.8260869565217392,-0.5217391304347827,40.0,55.21739130434783,120.68072881592818,16.08695652173913
0,0,1,0,0,0,312,56,-0.900968867902419,0.43388373911755823,8.334782608695651,0.24782608695652175,16.08695652173913,3.3043478260869565,12.782608695652172,11.782608695652174,42.91304347826087,98.89234837960906,35.34782608695652
0,0,1,0,0,0,312,57,-0.9009688679024191,-0.433883739117558,3.566304347826087,0.691304347826087,35.34782608695652,16.08695652173913,19.260869565217394,2.9130434782608696,28.391304347826086,103.85066423193597,20.217391304347824
0,0,1,0,0,0,312,58,-0.2225209339563146,-0.9749279121818235,6.060869565217391,0.0,20.217391304347824,35.34782608695652,-15.130434782608699,13.826086956521738,45.608695652173914,115.55979300042527,4.3478260869565215
0,0,1,0,0,0,312,59,0.6234898018587334,-0.7818314824680299,3.115217391304348,0.002173913043478261,4.3478260869565215,20.217391304347824,-15.869565217391303,22.47826086956522,49.0,109.44496469312845,4.086956521739131
0,0,1,0,0,0,312,60,1.0,0.0,4.266304347826087,0.1,4.086956521739131,4.3478260869565215,-0.2608695652173907,20.217391304347824,43.73913043478261,104.35730099953163,17.608695652173914
0,0,1,0,0,0,312,61,0.6234898018587336,0.7818314824680297,3.7467391304347823,0.0,17.608695652173914,4.086956521739131,13.521739130434783,11.782608695652174,47.869565217391305,118.48854967094894,13.434782608695652
0,0,0,1,0,0,204,3,0.6234898018587334,-0.7818314824680299,13.684782608695652,0.0,27.869565217391305,7.217391304347826,20.652173913043477,32.47826086956522,22.08695652173913,0.11177221541338507,30.608695652173914
0,0,0,1,0,0,204,4,1.0,0.0,13.376086956521737,0.19130434782608696,30.608695652173914,27.869565217391305,2.7391304347826093,16.391304347826086,18.347826086956523,0.1073969686949329,13.545454545454545
0,0,0,1,0,0,204,5,0.6234898018587336,0.7818314824680297,8.660869565217391,0.05434782608695652,13.545454545454545,30.608695652173914,-17.063241106719367,6.956521739130435,23.3,0.11823776403423593,7.391304347826087
0,0,0,1,0,0,204,6,-0.22252093395631434,0.9749279121818236,10.127173913043478,0.0,7.391304347826087,13.545454545454545,-6.154150197628458,11.304347826086957,23.347826086956523,0.10949176469953606,18.47826086956522
0,0,0,1,0,0,204,7,-0.900968867902419,0.43388373911755823,10.6,0.0,18.47826086956522,7.391304347826087,11.086956521739133,16.956521739130434,21.869565217391305,0.10757048651418705,8.782608695652174
0,0,0,1,0,0,204,8,-0.9009688679024191,-0.433883739117558,9.180434782608696,0.0,8.782608695652174,18.47826086956522,-9.695652173913045,13.608695652173912,19.782608695652176,0.1069213689718416,1.2173913043478262
0,0,0,1,0,0,204,9,-0.2225209339563146,-0.9749279121818235,9.90108695652174,0.002173913043478261,1.2173913043478262,8.782608695652174,-7.565217391304348,19.217391304347824,22.782608695652176,0.11608947425108783,21.130434782608695
0,0,0,1,0,0,204,11,1.0,0.0,7.471739130434782,0.002173913043478261,28.26086956521739,21.130434782608695,7.130434782608695,9.73913043478261,12.956521739130435,0.10532959324990107,65.82608695652173
0,0,0,1,0,0,204,12,0.6234898018587336,0.7818314824680297,12.225,0.002173913043478261,65.82608695652173,28.26086956521739,37.565217391304344,10.08695652173913,9.478260869565217,0.11380317946919838,28.130434782608695
0,0,0,1,0,0,204,13,-0.22252093395631434,0.9749279121818236,8.117391304347825,0.0,28.130434782608695,65.82608695652173,-37.69565217391304,11.652173913043478,24.869565217391305,0.11101566165893476,10.434782608695652
0,0,0,1,0,0,204,14,-0.900968867902419,0.43388373911755823,8.618478260869566,0.0,10.434782608695652,28.130434782608695,-17.695652173913043,17.695652173913043,26.608695652173914,0.11118048780882508,3.1739130434782608
0,0,0,1,0,0,204,15,-0.9009688679024191,-0.433883739117558,6.3293478260869565,0.11739130434782609,3.1739130434782608,10.434782608695652,-7.260869565217392,20.0,26.217391304347824,0.11905815089725605,19.217391304347824
0,0,0,1,0,0,204,16,-0.2225209339563146,-0.9749279121818235,7.406521739130435,0.08695652173913043,19.217391304347824,3.1739130434782608,16.043478260869563,11.478260869565217,23.304347826086957,0.12044853822778431,7.086956521739131
0,0,0,1,0,0,204,17,0.6234898018587334,-0.7818314824680299,7.7576086956521735,0.0,7.086956521739131,19.217391304347824,-12.130434782608694,10.521739130434783,16.82608695652174,0.10833288333872762,12.956521739130435
0,0,0,1,0,0,204,18,1.0,0.0,9.097826086956522,0.0,12.956521739130435,7.086956521739131,5.869565217391305,11.91304347826087,15.608695652173912,0.10897840495199047,7.826086956521739
0,0,0,1,0,0,204,19,0.6234898018587336,0.7818314824680297,8.61413043478261,0.0,7.826086956521739,12.956521739130435,-5.130434782608696,10.91304347826087,22.956521739130434,0.12114740286618472,1.5217391304347827
0,0,0,1,0,0,204,20,-0.22252093395631434,0.9749279121818236,7.614130434782608,0.09565217391304348,1.5217391304347827,7.826086956521739,-6.304347826086957,17.08695652173913,25.782608695652176,0.12137471368720101,12.1
0,0,0,1,0,0,204,21,-0.900968867902419,0.43388373911755823,8.464772727272727,0.11818181818181818,12.1,1.5217391304347827,10.578260869565216,9.272727272727273,28.8,0.11262829912023457,28.08695652173913
0,0,0,1,0,0,204,22,-0.9009688679024191,-0.433883739117558,5.827173913043478,0.1391304347826087,28.08695652173913,12.1,15.98695652173913,6.3478260869565215,23.347826086956523,0.11763989299456969,26.869565217391305
0,0,0,1,0,0,204,23,-0.2225209339563146,-0.9749279121818235,3.882608695652174,0.043478260869565216,26.869565217391305,28.08695652173913,-1.2173913043478244,7.565217391304348,24.869565217391305,0.11702538893084471,33.78260869565217
0,0,0,1,0,0,204,24,0.6234898018587334,-0.7818314824680299,6.003260869565217,0.0,33.78260869565217,26.869565217391305,6.913043478260867,10.826086956521738,15.043478260869565,0.11967310425432441,14.347826086956522
0,0,0,1,0,0,204,25,1.0,0.0,6.989130434782608,0.0,14.347826086956522,33.78260869565217,-19.43478260869565,16.391304347826086,16.608695652173914,0.11340534755637066,58.52173913043478
0,0,0,1,0,0,204,26,0.6234898018587336,0.7818314824680297,5.479347826086957,0.0,58.52173913043478,14.347826086956522,44.17391304347826,1.0434782608695652,7.739130434782608,0.1160625018520516,65.78260869565217
0,0,0,1,0,0,204,27,-0.22252093395631434,0.9749279121818236,4.171739130434783,0.0,65.78260869565217,58.52173913043478,7.260869565217391,3.4347826086956523,8.772727272727273,0.12418275982666231,37.56521739130435
0,0,0,1,0,0,204,28,-0.900968867902419,0.43388373911755823,1.3217391304347825,0.0,37.56521739130435,65.78260869565217,-28.21739130434782,6.666666666666667,23.695652173913043,0.13142958612939185,11.652173913043478
0,0,0,1,0,0,204,29,-0.9009688679024191,-0.433883739117558,-1.2184782608695652,0.0,11.652173913043478,37.56521739130435,-25.913043478260875,28.666666666666668,40.52173913043478,0.13048018471967487,5.434782608695652
0,0,0,1,0,0,204,30,-0.2225209339563146,-0.9749279121818235,-0.9347826086956522,0.0,5.434782608695652,11.652173913043478,-6.217391304347826,31.82608695652174,48.0,0.1288546949329305,4.0
0,0,0,1,0,0,204,31,0.6234898018587334,-0.7818314824680299,0.8913043478260869,0.0,4.0,5.434782608695652,-1.4347826086956523,37.04347826086956,51.26086956521739,0.1283395364836192,35.34782608695652
0,0,0,1,0,0,204,32,1.0,0.0,2.3967391304347827,0.0,35.34782608695652,4.0,31.347826086956523,13.478260869565217,15.73913043478261,0.11833306367101808,28.095238095238095
0,0,0,1,0,0,204,33,0.6234898018587336,0.7818314824680297,2.2804347826086957,0.0,28.095238095238095,35.34782608695652,-7.252587991718428,17.347826086956523,30.047619047619047,0.12003002909339372,6.391304347826087
0,0,0,1,0,0,204,34,-0.22252093395631434,0.9749279121818236,-0.6554347826086956,0.0,6.391304347826087,28.095238095238095,-21.70393374741201,28.652173913043477,46.56521739130435,0.11979162966159596,10.73913043478261
0,0,0,1,0,0,204,35,-0.900968867902419,0.43388373911755823,-0.17282608695652185,0.0,10.73913043478261,6.391304347826087,4.347826086956522,25.08695652173913,40.56521739130435,0.11636323612759374,7.739130434782608
0,0,0,1,0,0,204,36,-0.9009688679024191,-0.433883739117558,0.8391304347826086,0.0,7.739130434782608,10.73913043478261,-3.000000000000001,29.695652173913043,48.52173913043478,0.11740344172330704,28.347826086956523
0,0,0,1,0,0,204,37,-0.2225209339563146,-0.9749279121818235,3.6673913043478263,0.0,28.347826086956523,7.739130434782608,20.608695652173914,21.956521739130434,45.47826086956522,0.12264088175639223,39.17391304347826
0,0,0,1,0,0,204,38,0.6234898018587334,-0.7818314824680299,2.85,0.0,39.17391304347826,28.347826086956523,10.826086956521735,15.565217391304348,34.34782608695652,0.1302185600748013,21.91304347826087
0,0,0,1,0,0,204,39,1.0,0.0,-0.833695652173913,0.0,21.91304347826087,39.17391304347826,-17.260869565217387,19.73913043478261,33.130434782608695,0.12114755273851903,6.6521739130434785
0,0,0,1,0,0,204,40,0.6234898018587336,0.7818314824680297,-1.3521739130434782,0.0,6.6521739130434785,21.91304347826087,-15.260869565217392,27.82608695652174,51.95652173913044,0.12409600062933791,3.3043478260869565
0,0,0,1,0,0,204,41,-0.22252093395631434,0.9749279121818236,0.6934782608695651,0.0,3.3043478260869565,6.6521739130434785,-3.347826086956522,40.82608695652174,66.43478260869566,0.11173400570000357,3.391304347826087
0,0,0,1,0,0,204,42,-0.900968867902419,0.43388373911755823,0.19782608695652165,0.0,3.391304347826087,3.3043478260869565,0.08695652173913038,34.608695652173914,55.0,0.11118273574999096,4.3478260869565215
0,0,0,1,0,0,204,43,-0.9009688679024191,-0.433883739117558,0.0065217391304346825,0.0,4.3478260869565215,3.391304347826087,0.9565217391304346,28.608695652173914,45.82608695652174,0.11400996150249931,7.521739130434782
0,0,0,1,0,0,204,44,-0.2225209339563146,-0.9749279121818235,0.05760869565217404,0.0,7.521739130434782,4.3478260869565215,3.1739130434782608,26.47826086956522,45.34782608695652,0.11522683180494118,9.869565217391305
0,0,0,1,0,0,204,45,0.6234898018587334,-0.7818314824680299,0.20434782608695634,0.0,9.869565217391305,7.521739130434782,2.3478260869565224,25.130434782608695,40.21739130434783,0.11948070645880529,32.56521739130435
0,0,0,1,0,0,204,46,1.0,0.0,3.4456521739130435,0.0,32.56521739130435,9.869565217391305,22.695652173913047,17.304347826086957,23.82608695652174,0.11394208233538312,14.043478260869565
0,0,0,1,0,0,204,47,0.6234898018587336,0.7818314824680297,0.28804347826086957,0.0,14.043478260869565,32.56521739130435,-18.52173913043479,22.82608695652174,41.08695652173913,0.11508118414428017,5.285714285714286
0,0,0,1,0,0,204,48,-0.22252093395631434,0.9749279121818236,-0.5583333333333333,0.0,5.285714285714286,14.043478260869565,-8.757763975155278,27.761904761904763,49.857142857142854,0.11471618318957026,5.043478260869565
0,0,0,1,0,0,204,49,-0.900968867902419,0.43388373911755823,-0.6565217391304349,0.0,5.043478260869565,5.285714285714286,-0.24223602484472018,27.304347826086957,51.17391304347826,0.12161131493868446,2.0
0,0,0,1,0,0,204,50,-0.9009688679024191,-0.433883739117558,-1.8282608695652172,0.010869565217391304,2.0,5.043478260869565,-3.0434782608695654,39.17391304347826,70.73913043478261,0.11795695912899626,1.6363636363636365
0,0,0,1,0,0,204,51,-0.2225209339563146,-0.9749279121818235,1.7032608695652172,0.01956521739130435,1.6363636363636365,2.0,-0.36363636363636354,43.0,66.78260869565217,0.10969764836192321,1.8695652173913044
0,0,0,1,0,0,204,52,0.6234898018587334,-0.7818314824680299,3.4521739130434783,0.0,1.8695652173913044,1.6363636363636365,0.23320158102766797,57.869565217391305,65.95652173913044,0.10873071501780122,1.5217391304347827
0,0,0,1,0,0,204,53,1.0,0.0,4.641304347826087,0.0,1.5217391304347827,1.8695652173913044,-0.34782608695652173,52.73913043478261,53.69565217391305,0.10841379880965221,1.7391304347826086
0,0,0,1,0,0,204,54,0.6234898018587336,0.7818314824680297,5.789130434782609,0.0,1.7391304347826086,1.5217391304347827,0.21739130434782594,41.608695652173914,45.08695652173913,0.11110466779947492,4.130434782608695
0,0,0,1,0,0,204,55,-0.22252093395631434,0.9749279121818236,6.846739130434782,0.006521739130434784,4.130434782608695,1.7391304347826086,2.391304347826087,35.21739130434783,45.30434782608695,0.11097475464811014,36.65217391304348
0,0,0,1,0,0,204,56,-0.900968867902419,0.43388373911755823,7.995652173913044,0.3782608695652174,36.65217391304348,4.130434782608695,32.52173913043478,13.173913043478262,21.043478260869566,0.11290547308231735,48.21739130434783
0,0,0,1,0,0,204,57,-0.9009688679024191,-0.433883739117558,3.7369565217391307,0.6804347826086957,48.21739130434783,36.65217391304348,11.565217391304351,4.391304347826087,13.652173913043478,0.12209755342180025,31.82608695652174
0,0,0,1,0,0,204,58,-0.2225209339563146,-0.9749279121818235,4.996739130434783,0.0,31.82608695652174,48.21739130434783,-16.39130434782609,10.565217391304348,20.0,0.11687344945517313,6.434782608695652
0,0,0,1,0,0,204,59,0.6234898018587334,-0.7818314824680299,2.325,0.008695652173913044,6.434782608695652,31.82608695652174,-25.391304347826086,18.52173913043478,30.391304347826086,0.11888463325781275,13.26086956521739
0,0,0,1,0,0,204,60,1.0,0.0,4.748913043478261,0.08260869565217391,13.26086956521739,6.434782608695652,6.826086956521738,18.47826086956522,28.130434782608695,0.1215260545725896,36.608695652173914
0,0,0,1,0,0,204,61,0.6234898018587336,0.7818314824680297,3.5543478260869565,0.0,36.608695652173914,13.26086956521739,23.347826086956523,8.869565217391305,15.869565217391305,0.12174122817995467,36.43478260869565
0,0,0,0,0,1,203,3,0.6234898018587334,-0.7818314824680299,13.384782608695653,0.004347826086956522,14.91304347826087,12.826086956521738,2.086956521739131,34.95652173913044,30.17391304347826,62.683298686061555,28.130434782608695
0,0,0,0,0,1,203,4,1.0,0.0,14.197826086956523,0.09565217391304348,28.130434782608695,14.91304347826087,13.217391304347826,19.652173913043477,24.47826086956522,59.029711157431464,17.130434782608695
0,0,0,0,0,1,203,5,0.6234898018587336,0.7818314824680297,9.518478260869566,0.06521739130434782,17.130434782608695,28.130434782608695,-11.0,6.434782608695652,29.304347826086957,82.84114316431382,10.304347826086957
0,0,0,0,0,1,203,6,-0.22252093395631434,0.9749279121818236,11.057608695652174,0.0,10.304347826086957,17.130434782608695,-6.826086956521738,10.217391304347826,29.652173913043477,86.31415382174283,19.782608695652176
0,0,0,0,0,1,203,7,-0.900968867902419,0.43388373911755823,11.018478260869566,0.0,19.782608695652176,10.304347826086957,9.478260869565219,10.652173913043478,25.217391304347824,83.38253277019484,11.565217391304348
0,0,0,0,0,1,203,8,-0.9009688679024191,-0.433883739117558,11.056521739130435,0.0,11.565217391304348,19.782608695652176,-8.217391304347828,14.26086956521739,27.347826086956523,85.28253152014223,2.8260869565217392
0,0,0,0,0,1,203,9,-0.2225209339563146,-0.9749279121818235,11.514130434782608,0.02608695652173913,2.8260869565217392,11.565217391304348,-8.73913043478261,20.91304347826087,31.0,80.9767805439803,22.428571428571427
0,0,0,0,0,1,203,10,0.6234898018587334,-0.7818314824680299,10.804347826086957,0.3,22.428571428571427,2.8260869565217392,19.60248447204969,14.869565217391305,23.19047619047619,69.63319084555805,32.34782608695652
0,0,0,0,0,1,203,11,1.0,0.0,8.238043478260868,0.0,32.34782608695652,22.428571428571427,9.919254658385096,4.913043478260869,16.26086956521739,60.57817551518578,69.21739130434783
0,0,0,0,0,1,203,12,0.6234898018587336,0.7818314824680297,12.704347826086956,0.0,69.21739130434783,32.34782608695652,36.869565217391305,3.1739130434782608,10.695652173913043,75.16044492558203,33.04347826086956
0,0,0,0,0,1,203,13,-0.22252093395631434,0.9749279121818236,10.091304347826087,0.0,33.04347826086956,69.21739130434783,-36.173913043478265,10.478260869565217,32.34782608695652,75.18497015710791,7.0
0,0,0,0,0,1,203,14,-0.900968867902419,0.43388373911755823,9.925,0.0,7.0,33.04347826086956,-26.043478260869563,21.0,41.391304347826086,73.91892126472108,3.217391304347826
0,0,0,0,0,1,203,15,-0.9009688679024191,-0.433883739117558,9.158695652173913,0.08043478260869565,3.217391304347826,7.0,-3.782608695652174,25.91304347826087,42.56521739130435,75.34455292533099,19.52173913043478
0,0,0,0,0,1,203,16,-0.2225209339563146,-0.9749279121818235,8.079347826086956,0.021739130434782608,19.52173913043478,3.217391304347826,16.304347826086953,7.521739130434782,25.434782608695652,73.90484137790577,7.3478260869565215
0,0,0,0,0,1,203,17,0.6234898018587334,-0.7818314824680299,8.666304347826086,0.0,7.3478260869565215,19.52173913043478,-12.17391304347826,12.130434782608695,27.956521739130434,67.92187130161132,15.26086956521739
0,0,0,0,0,1,203,18,1.0,0.0,9.5,0.0,15.26086956521739,7.3478260869565215,7.913043478260869,11.782608695652174,17.043478260869566,61.52148709205683,5.565217391304348
0,0,0,0,0,1,203,19,0.6234898018587336,0.7818314824680297,8.818478260869565,0.0,5.565217391304348,15.26086956521739,-9.695652173913043,11.173913043478262,28.217391304347824,70.22227820532584,2.5652173913043477
0,0,0,0,0,1,203,20,-0.22252093395631434,0.9749279121818236,8.809782608695652,0.058695652173913045,2.5652173913043477,5.565217391304348,-3.0,15.652173913043478,30.217391304347824,73.53869001669625,12.217391304347826
0,0,0,0,0,1,203,21,-0.900968867902419,0.43388373911755823,9.130434782608695,0.1217391304347826,12.217391304347826,2.5652173913043477,9.652173913043478,12.434782608695652,37.26086956521739,71.21990849488438,24.043478260869566
0,0,0,0,0,1,203,22,-0.9009688679024191,-0.433883739117558,6.435869565217391,0.19999999999999998,24.043478260869566,12.217391304347826,11.82608695652174,9.91304347826087,36.0,82.05856267057202,25.08695652173913
0,0,0,0,0,1,203,23,-0.2225209339563146,-0.9749279121818235,3.981521739130435,0.07608695652173914,25.08695652173913,24.043478260869566,1.0434782608695627,6.913043478260869,33.08695652173913,79.99540913868277,29.695652173913043
0,0,0,0,0,1,203,24,0.6234898018587334,-0.7818314824680299,5.9913043478260875,0.06956521739130435,29.695652173913043,25.08695652173913,4.608695652173914,9.217391304347826,30.434782608695652,74.9975376278421,11.434782608695652
0,0,0,0,0,1,203,25,1.0,0.0,7.3478260869565215,0.004347826086956522,11.434782608695652,29.695652173913043,-18.26086956521739,15.347826086956522,33.17391304347826,66.50812981298724,58.714285714285715
0,0,0,0,0,1,203,26,0.6234898018587336,0.7818314824680297,7.109782608695652,0.0,58.714285714285715,11.434782608695652,47.27950310559007,4.0476190476190474,16.15,78.42550957482509,66.82608695652173
0,0,0,0,0,1,203,27,-0.22252093395631434,0.9749279121818236,5.001086956521739,0.0,66.82608695652173,58.714285714285715,8.11180124223602,4.173913043478261,13.217391304347826,82.16348776846203,40.69565217391305
0,0,0,0,0,1,203,28,-0.900968867902419,0.43388373911755823,2.91195652173913,0.0,40.69565217391305,66.82608695652173,-26.13043478260869,9.434782608695652,28.652173913043477,84.70750513276606,11.26086956521739
0,0,0,0,0,1,203,29,-0.9009688679024191,-0.433883739117558,0.7510869565217391,0.0,11.26086956521739,40.69565217391305,-29.434782608695656,22.391304347826086,50.43478260869565,83.30715215252584,9.173913043478262
0,0,0,0,0,1,203,30,-0.2225209339563146,-0.9749279121818235,1.5804347826086957,0.0,9.173913043478262,11.26086956521739,-2.086956521739129,24.47826086956522,52.56521739130435,80.17735288626888,5.086956521739131
0,0,0,0,0,1,203,31,0.6234898018587334,-0.7818314824680299,2.6858695652173914,0.0,5.086956521739131,9.173913043478262,-4.086956521739131,40.95652173913044,64.34782608695652,72.2819673177756,23.08695652173913
0,0,0,0,0,1,203,32,1.0,0.0,2.1695652173913045,0.0,23.08695652173913,5.086956521739131,18.0,15.869565217391305,32.130434782608695,68.29902175722518,27.130434782608695
0,0,0,0,0,1,203,33,0.6234898018587336,0.7818314824680297,3.9336956521739133,0.0,27.130434782608695,23.08695652173913,4.043478260869566,15.130434782608695,41.91304347826087,81.0115728854566,9.08695652173913
0,0,0,0,0,1,203,34,-0.22252093395631434,0.9749279121818236,1.8967391304347827,0.0,9.08695652173913,27.130434782608695,-18.043478260869563,29.391304347826086,67.04347826086956,82.53227714285401,15.434782608695652
0,0,0,0,0,1,203,35,-0.900968867902419,0.43388373911755823,3.106521739130435,0.0,15.434782608695652,9.08695652173913,6.3478260869565215,17.652173913043477,46.17391304347826,82.97682322425156,9.434782608695652
0,0,0,0,0,1,203,36,-0.9009688679024191,-0.433883739117558,3.7619565217391306,0.0,9.434782608695652,15.434782608695652,-6.0,22.391304347826086,57.69565217391305,84.16003468868166,6.904761904761905
0,0,0,0,0,1,203,37,-0.2225209339563146,-0.9749279121818235,2.5565217391304347,0.0,6.904761904761905,9.434782608695652,-2.5300207039337472,32.0,68.14285714285714,78.79403281030197,10.521739130434783
0,0,0,0,0,1,203,38,0.6234898018587334,-0.7818314824680299,3.039130434782609,0.0,10.521739130434783,6.904761904761905,3.616977225672878,26.869565217391305,82.69565217391305,68.55745659076842,11.869565217391305
0,0,0,0,0,1,203,39,1.0,0.0,1.1597826086956522,0.0,11.869565217391305,10.521739130434783,1.3478260869565215,26.130434782608695,66.91304347826087,69.4461758634138,5.260869565217392
0,0,0,0,0,1,203,40,0.6234898018587336,0.7818314824680297,1.7076086956521739,0.0,5.260869565217392,11.869565217391305,-6.608695652173913,27.26086956521739,66.82608695652173,75.55805257366048,5.130434782608695
0,0,0,0,0,1,203,41,-0.22252093395631434,0.9749279121818236,3.3902173913043474,0.0,5.130434782608695,5.260869565217392,-0.13043478260869623,35.69565217391305,75.04347826086956,71.82645977198456,5.086956521739131
0,0,0,0,0,1,203,42,-0.900968867902419,0.43388373911755823,2.8413043478260867,0.0,5.086956521739131,5.130434782608695,-0.04347826086956452,35.82608695652174,74.95652173913044,92.01085027969727,5.608695652173913
0,0,0,0,0,1,203,43,-0.9009688679024191,-0.433883739117558,2.651086956521739,0.0,5.608695652173913,5.086956521739131,0.5217391304347823,31.782608695652176,67.52173913043478,79.17238755156177,8.08695652173913
0,0,0,0,0,1,203,44,-0.2225209339563146,-0.9749279121818235,2.926086956521739,0.0,8.08695652173913,5.608695652173913,2.4782608695652177,25.130434782608695,61.82608695652174,78.48193742787409,11.0
0,0,0,0,0,1,203,45,0.6234898018587334,-0.7818314824680299,2.992391304347826,0.0,11.0,8.08695652173913,2.913043478260869,21.91304347826087,56.04347826086956,68.6312622581497,15.695652173913043
0,0,0,0,0,1,203,46,1.0,0.0,3.7021739130434783,0.0,15.695652173913043,11.0,4.695652173913043,22.434782608695652,57.82608695652174,70.16405602125492,14.695652173913043
0,0,0,0,0,1,203,47,0.6234898018587336,0.7818314824680297,3.260869565217391,0.0,14.695652173913043,15.695652173913043,-1.0,18.347826086956523,55.73913043478261,75.96252391898788,8.0
0,0,0,0,0,1,203,48,-0.22252093395631434,0.9749279121818236,2.596739130434783,0.0,8.0,14.695652173913043,-6.695652173913043,25.565217391304348,66.73913043478261,78.19393631923488,7.565217391304348
0,0,0,0,0,1,203,49,-0.900968867902419,0.43388373911755823,2.1380434782608693,0.0,7.565217391304348,8.0,-0.43478260869565233,26.91304347826087,68.3913043478261,78.58171607204952,3.3333333333333335
0,0,0,0,0,1,203,50,-0.9009688679024191,-0.433883739117558,0.49404761904761907,0.011904761904761904,3.3333333333333335,7.565217391304348,-4.231884057971014,34.8421052631579,78.65,77.34915620950535,2.5652173913043477
0,0,0,0,0,1,203,51,-0.2225209339563146,-0.9749279121818235,2.832608695652174,0.015217391304347825,2.5652173913043477,3.3333333333333335,-0.7681159420289858,42.08695652173913,64.1304347826087,75.62483556740396,3.0869565217391304
0,0,0,0,0,1,203,52,0.6234898018587334,-0.7818314824680299,4.815217391304348,0.0,3.0869565217391304,2.5652173913043477,0.5217391304347827,58.82608695652174,72.26086956521739,67.52743416032648,2.782608695652174
0,0,0,0,0,1,203,53,1.0,0.0,5.664130434782609,0.01956521739130435,2.782608695652174,3.0869565217391304,-0.30434782608695654,65.95652173913044,69.0,69.19166784926436,2.782608695652174
0,0,0,0,0,1,203,54,0.6234898018587336,0.7818314824680297,6.721739130434782,0.0,2.782608695652174,2.782608695652174,0.0,51.82608695652174,54.95652173913044,69.06237776356136,2.1739130434782608
0,0,0,0,0,1,203,55,-0.22252093395631434,0.9749279121818236,7.239130434782608,0.026086956521739136,2.1739130434782608,2.782608695652174,-0.6086956521739131,42.34782608695652,49.56521739130435,68.79467336439795,4.695652173913044
0,0,0,0,0,1,203,56,-0.900968867902419,0.43388373911755823,7.591304347826087,0.17608695652173917,4.695652173913044,2.1739130434782608,2.521739130434783,23.82608695652174,49.130434782608695,61.851481589694906,46.08695652173913
0,0,0,0,0,1,203,57,-0.9009688679024191,-0.433883739117558,5.235869565217391,0.5130434782608696,46.08695652173913,4.695652173913044,41.391304347826086,4.521739130434782,14.347826086956522,64.4019931690659,26.0
0,0,0,0,0,1,203,58,-0.2225209339563146,-0.9749279121818235,6.313043478260869,0.0,26.0,46.08695652173913,-20.086956521739133,8.652173913043478,32.391304347826086,67.22390668019558,5.782608695652174
0,0,0,0,0,1,203,59,0.6234898018587334,-0.7818314824680299,3.6532608695652176,0.0,5.782608695652174,26.0,-20.217391304347828,17.608695652173914,39.391304347826086,64.41175313112942,6.217391304347826
0,0,0,0,0,1,203,60,1.0,0.0,5.020652173913043,0.058695652173913045,6.217391304347826,5.782608695652174,0.43478260869565233,20.52173913043478,38.91304347826087,64.39033361219953,29.347826086956523
0,0,0,0,0,1,203,61,0.6234898018587336,0.7818314824680297,4.571739130434783,0.0,29.347826086956523,6.217391304347826,23.130434782608695,8.565217391304348,29.91304347826087,66.4594439415478,22.08695652173913
