station_Borgo Valsugana,station_Monte Gaza,station_Parco S. Chiara,station_Piana Rotaliana,station_Riva del Garda,station_Rovereto,station_Via Bolzano,monday,tuesday,wednesday,thursday,friday,saturday,sunday,elevation,day,PM10_1,NO2_1,AQI_1,power_area_50_1,PM10_2,NO2_2,AQI_2,power_area_50_2,temperature,precipitation,target
1,0,0,0,0,0,0,0,0,0,0,0,1,0,410,2,25.73913043478261,18.91304347826087,29.710144927536227,17.843233162783832,,,,,12.203260869565218,0.0,0
1,0,0,0,0,0,0,0,0,0,0,0,0,1,410,3,28.869565217391305,21.08695652173913,44.10434782608696,18.197335155890297,25.73913043478261,18.91304347826087,29.710144927536227,17.843233162783832,11.231521739130434,0.013043478260869568,1
1,0,0,0,0,0,0,1,0,0,0,0,0,0,410,4,23.652173913043477,18.82608695652174,33.80579710144927,17.47847537615935,28.869565217391305,21.08695652173913,44.10434782608696,18.197335155890297,10.796739130434784,0.12608695652173912,1
1,0,0,0,0,0,0,0,1,0,0,0,0,0,410,5,14.73913043478261,26.73913043478261,20.5,37.20039975444744,23.652173913043477,18.82608695652174,33.80579710144927,17.47847537615935,7.609782608695652,0.02826086956521739,1
1,0,0,0,0,0,0,0,0,1,0,0,0,0,410,6,17.0,25.91304347826087,24.77391304347826,37.421266267979355,14.73913043478261,26.73913043478261,20.5,37.20039975444744,9.641304347826088,0.0,1
1,0,0,0,0,0,0,0,0,0,1,0,0,0,410,7,14.73913043478261,26.956521739130434,18.90942028985507,35.957377099386726,17.0,25.91304347826087,24.77391304347826,37.421266267979355,9.980434782608697,0.0,1
1,0,0,0,0,0,0,0,0,0,0,1,0,0,410,8,26.08695652173913,27.26086956521739,32.81739130434782,37.3667606938135,14.73913043478261,26.956521739130434,18.90942028985507,35.957377099386726,8.371739130434783,0.0,0
1,0,0,0,0,0,0,0,0,0,0,0,1,0,410,9,34.0,25.217391304347824,48.800000000000004,36.440558176225096,26.08695652173913,27.26086956521739,32.81739130434782,37.3667606938135,9.639130434782608,0.017391304347826087,1
1,0,0,0,0,0,0,0,0,0,0,0,0,1,410,10,19.17391304347826,21.869565217391305,26.031159420289857,16.39111853526051,34.0,25.217391304347824,48.800000000000004,36.440558176225096,10.21195652173913,0.2434782608695652,1
1,0,0,0,0,0,0,1,0,0,0,0,0,0,410,11,8.956521739130435,14.826086956521738,13.195652173913043,18.65250752333307,19.17391304347826,21.869565217391305,26.031159420289857,16.39111853526051,6.825,0.0,1
1,0,0,0,0,0,0,0,1,0,0,0,0,0,410,12,4.521739130434782,13.91304347826087,15.66304347826087,36.32641333400467,8.956521739130435,14.826086956521738,13.195652173913043,18.65250752333307,11.504347826086958,0.0,1
1,0,0,0,0,0,0,0,0,1,0,0,0,0,410,13,22.142857142857142,34.857142857142854,33.28333333333333,37.41715803124518,4.521739130434782,13.91304347826087,15.66304347826087,36.32641333400467,7.877272727272728,0.0,1
1,0,0,0,0,0,0,0,0,0,1,0,0,0,410,14,34.91304347826087,35.0,37.34202898550725,37.65381077196358,22.142857142857142,34.857142857142854,33.28333333333333,37.41715803124518,8.356521739130434,0.008695652173913044,0
1,0,0,0,0,0,0,0,0,0,0,1,0,0,410,15,27.681818181818183,28.0,42.059420289855076,37.6949005019226,34.91304347826087,35.0,37.34202898550725,37.65381077196358,7.575,0.07608695652173914,1
1,0,0,0,0,0,0,0,0,0,0,0,1,0,410,16,14.73913043478261,29.0,20.565217391304348,40.731174251503894,27.681818181818183,28.0,42.059420289855076,37.6949005019226,6.126086956521739,0.14347826086956522,1
1,0,0,0,0,0,0,0,0,0,0,0,0,1,410,17,22.043478260869566,22.782608695652176,35.17391304347826,21.003955442825657,14.73913043478261,29.0,20.565217391304348,40.731174251503894,6.939130434782609,0.0,1
1,0,0,0,0,0,0,1,0,0,0,0,0,0,410,18,17.47826086956522,17.82608695652174,25.217391304347824,18.90811871094111,22.043478260869566,22.782608695652176,35.17391304347826,21.003955442825657,8.08695652173913,0.0,1
1,0,0,0,0,0,0,0,1,0,0,0,0,0,410,19,20.391304347826086,23.782608695652176,28.26086956521739,37.62208137528542,17.47826086956522,17.82608695652174,25.217391304347824,18.90811871094111,7.689130434782609,0.0,1
1,0,0,0,0,0,0,0,0,1,0,0,0,0,410,20,27.782608695652176,32.04347826086956,38.23478260869565,39.953714691997156,20.391304347826086,23.782608695652176,28.26086956521739,37.62208137528542,7.128260869565217,0.20434782608695654,1
1,0,0,0,0,0,0,0,0,0,1,0,0,0,410,21,17.391304347826086,31.0,24.615942028985504,39.95596297940617,27.782608695652176,32.04347826086956,38.23478260869565,39.953714691997156,8.009782608695652,0.04130434782608696,1
1,0,0,0,0,0,0,0,0,0,0,1,0,0,410,22,9.869565217391305,18.695652173913043,16.065217391304348,41.17396356933174,17.391304347826086,31.0,24.615942028985504,39.95596297940617,4.6706521739130435,0.10652173913043479,1
1,0,0,0,0,0,0,0,0,0,0,0,1,0,410,23,13.695652173913043,32.78260869565217,24.694202898550724,38.18277598412425,9.869565217391305,18.695652173913043,16.065217391304348,41.17396356933174,3.2271739130434782,0.02391304347826087,1
1,0,0,0,0,0,0,0,0,0,0,0,0,1,410,24,26.565217391304348,34.82608695652174,39.8304347826087,23.273428782798156,13.695652173913043,32.78260869565217,24.694202898550724,38.18277598412425,2.48804347826087,0.1565217391304348,1
1,0,0,0,0,0,0,1,0,0,0,0,0,0,410,25,20.73913043478261,22.52173913043478,30.54492753623188,18.806151071958908,26.565217391304348,34.82608695652174,39.8304347826087,23.273428782798156,5.28695652173913,0.03695652173913044,1
1,0,0,0,0,0,0,0,1,0,0,0,0,0,410,26,9.0,26.956521739130434,18.773913043478263,38.17054426566548,20.73913043478261,22.52173913043478,30.54492753623188,18.806151071958908,3.6934782608695653,0.0,1
1,0,0,0,0,0,0,0,0,1,0,0,0,0,410,27,10.217391304347826,22.35,18.293478260869566,39.07011983555663,9.0,26.956521739130434,18.773913043478263,38.17054426566548,2.235869565217391,0.0,1
1,0,0,0,0,0,0,0,0,0,1,0,0,0,410,28,20.347826086956523,40.869565217391305,28.112318840579707,39.98131040053226,10.217391304347826,22.35,18.293478260869566,39.07011983555663,0.7771739130434783,0.0,0
1,0,0,0,0,0,0,0,0,0,0,1,0,0,410,29,39.69565217391305,45.30434782608695,48.69565217391305,40.81021783306116,20.347826086956523,40.869565217391305,28.112318840579707,39.98131040053226,-1.1217391304347826,0.0,0
1,0,0,0,0,0,0,0,0,0,0,0,1,0,410,30,43.08695652173913,45.08695652173913,54.33043478260869,38.59333037316212,39.69565217391305,45.30434782608695,48.69565217391305,40.81021783306116,-0.558695652173913,0.0,0
1,0,0,0,0,0,0,0,0,0,0,0,0,1,410,31,51.52173913043478,44.08695652173913,67.96521739130435,23.31383661373376,43.08695652173913,45.08695652173913,54.33043478260869,38.59333037316212,0.7608695652173914,0.0,0
1,0,0,0,0,0,0,1,0,0,0,0,0,0,410,32,36.34782608695652,36.91304347826087,50.800000000000004,19.286925457367467,51.52173913043478,44.08695652173913,67.96521739130435,23.31383661373376,0.02499999999999996,0.0,0
1,0,0,0,0,0,0,0,1,0,0,0,0,0,410,33,45.391304347826086,53.08695652173913,52.30144927536232,39.49497980787761,36.34782608695652,36.91304347826087,50.800000000000004,19.286925457367467,0.5630434782608695,0.0,0
1,0,0,0,0,0,0,0,0,1,0,0,0,0,410,34,45.26086956521739,52.69565217391305,53.49130434782609,41.40684853879599,45.391304347826086,53.08695652173913,52.30144927536232,39.49497980787761,0.4054347826086957,0.0,0
1,0,0,0,0,0,0,0,0,0,1,0,0,0,410,35,47.91304347826087,59.82608695652174,50.95652173913044,42.40825966122472,45.26086956521739,52.69565217391305,53.49130434782609,41.40684853879599,1.1,0.0,0
1,0,0,0,0,0,0,0,0,0,0,1,0,0,410,36,52.17391304347826,53.869565217391305,56.689855072463764,41.17311296683275,47.91304347826087,59.82608695652174,50.95652173913044,42.40825966122472,1.3456521739130434,0.0,0
1,0,0,0,0,0,0,0,0,0,0,0,1,0,410,37,33.08695652173913,42.69565217391305,45.85579710144928,40.95974831849329,52.17391304347826,53.869565217391305,56.689855072463764,41.17311296683275,4.192391304347826,0.0,1
1,0,0,0,0,0,0,0,0,0,0,0,0,1,410,38,30.47826086956522,42.0,38.46666666666667,25.643524357531504,33.08695652173913,42.69565217391305,45.85579710144928,40.95974831849329,3.7054347826086955,0.0,0
1,0,0,0,0,0,0,1,0,0,0,0,0,0,410,39,42.78260869565217,42.391304347826086,57.28695652173913,20.054605327823616,30.47826086956522,42.0,38.46666666666667,25.643524357531504,-1.0543478260869565,0.0,0
1,0,0,0,0,0,0,0,1,0,0,0,0,0,410,40,50.285714285714285,50.1,61.58095238095238,40.56319479293805,42.78260869565217,42.391304347826086,57.28695652173913,20.054605327823616,-0.5619047619047619,0.0,0
1,0,0,0,0,0,0,0,0,1,0,0,0,0,410,41,56.608695652173914,53.69565217391305,67.51884057971014,41.50971689468782,50.285714285714285,50.1,61.58095238095238,40.56319479293805,2.1293478260869567,0.0,0
1,0,0,0,0,0,0,0,0,0,1,0,0,0,410,42,47.130434782608695,49.0,65.77391304347826,42.08876689076613,56.608695652173914,53.69565217391305,67.51884057971014,41.50971689468782,1.55,0.0,0
1,0,0,0,0,0,0,0,0,0,0,1,0,0,410,43,44.73913043478261,46.21739130434783,61.4,40.34711216615224,47.130434782608695,49.0,65.77391304347826,42.08876689076613,1.075,0.0,0
1,0,0,0,0,0,0,0,0,0,0,0,1,0,410,44,41.52173913043478,49.69565217391305,56.9304347826087,40.60463067231553,44.73913043478261,46.21739130434783,61.4,40.34711216615224,1.157608695652174,0.0,0
1,0,0,0,0,0,0,0,0,0,0,0,0,1,410,45,38.391304347826086,43.78260869565217,54.834782608695654,23.24535861616113,41.52173913043478,49.69565217391305,56.9304347826087,40.60463067231553,1.091304347826087,0.0,0
1,0,0,0,0,0,0,1,0,0,0,0,0,0,410,46,39.34782608695652,42.91304347826087,59.75652173913044,20.657307941956976,38.391304347826086,43.78260869565217,54.834782608695654,23.24535861616113,2.4619565217391304,0.0,0
1,0,0,0,0,0,0,0,1,0,0,0,0,0,410,47,42.30434782608695,54.78260869565217,52.96811594202899,39.49552991907836,39.34782608695652,42.91304347826087,59.75652173913044,20.657307941956976,1.0695652173913044,0.0,0
1,0,0,0,0,0,0,0,0,1,0,0,0,0,410,48,47.34782608695652,53.608695652173914,59.63478260869565,40.84083310815513,42.30434782608695,54.78260869565217,52.96811594202899,39.49552991907836,0.5608695652173913,0.0,0
1,0,0,0,0,0,0,0,0,0,1,0,0,0,410,49,51.869565217391305,54.47826086956522,63.356521739130436,28.21327840078607,47.34782608695652,53.608695652173914,59.63478260869565,40.84083310815513,-0.03586956521739129,0.0,0
1,0,0,0,0,0,0,0,0,0,0,1,0,0,410,50,65.43478260869566,52.73913043478261,76.38260869565217,38.931187522497986,51.869565217391305,54.47826086956522,63.356521739130436,28.21327840078607,-0.6032608695652174,0.0,0
1,0,0,0,0,0,0,0,0,0,0,0,1,0,410,51,67.95652173913044,50.869565217391305,85.70434782608696,28.961274545601533,65.43478260869566,52.73913043478261,76.38260869565217,38.931187522497986,2.3347826086956522,0.0,0
1,0,0,0,0,0,0,0,0,0,0,0,0,1,410,52,66.65217391304348,36.08695652173913,82.15652173913043,26.77084744534785,67.95652173913044,50.869565217391305,85.70434782608696,28.961274545601533,4.2423913043478265,0.0,0
1,0,0,0,0,0,0,1,0,0,0,0,0,0,410,53,68.08695652173913,28.652173913043477,83.58260869565218,23.45422081972269,66.65217391304348,36.08695652173913,82.15652173913043,26.77084744534785,4.511956521739131,0.002173913043478261,0
1,0,0,0,0,0,0,0,1,0,0,0,0,0,410,54,64.26086956521739,32.69565217391305,82.4695652173913,30.151842446513484,68.08695652173913,28.652173913043477,83.58260869565218,23.45422081972269,5.885869565217392,0.0,0
1,0,0,0,0,0,0,0,0,1,0,0,0,0,410,55,53.130434782608695,30.82608695652174,70.15652173913043,25.757481986115394,64.26086956521739,32.69565217391305,82.4695652173913,30.151842446513484,5.632608695652174,0.017391304347826087,1
1,0,0,0,0,0,0,0,0,0,1,0,0,0,410,56,22.26086956521739,22.043478260869566,32.417391304347824,22.00605210569486,53.130434782608695,30.82608695652174,70.15652173913043,25.757481986115394,6.566304347826088,0.23695652173913045,1
1,0,0,0,0,0,0,0,0,0,0,1,0,0,410,57,8.434782608695652,19.695652173913043,13.478260869565217,22.50453501027771,22.26086956521739,22.043478260869566,32.417391304347824,22.00605210569486,4.967391304347826,0.8826086956521739,1
1,0,0,0,0,0,0,0,0,0,0,0,1,0,410,58,22.73913043478261,36.17391304347826,36.88695652173913,25.497939969442033,8.434782608695652,19.695652173913043,13.478260869565217,22.50453501027771,3.365217391304348,0.0,0
1,0,0,0,0,0,0,0,0,0,0,0,0,1,410,59,30.73913043478261,25.434782608695652,46.626086956521746,24.612335702877953,22.73913043478261,36.17391304347826,36.88695652173913,25.497939969442033,1.0847826086956522,0.0,1
1,0,0,0,0,0,0,1,0,0,0,0,0,0,410,60,23.82608695652174,27.608695652173914,38.99130434782609,22.838946335287286,30.73913043478261,25.434782608695652,46.626086956521746,24.612335702877953,4.818478260869566,0.021739130434782608,1
1,0,0,0,0,0,0,0,1,0,0,0,0,0,410,61,23.956521739130434,37.0,34.165217391304346,25.40367412833717,23.82608695652174,27.608695652173914,38.99130434782609,22.838946335287286,1.7206521739130434,0.0,1
0,1,0,0,0,0,0,0,0,0,0,0,1,0,252,2,,6.086956521739131,10.815217391304348,0.03942342717188887,,,,,12.88695652173913,0.0,1
0,1,0,0,0,0,0,0,0,0,0,0,0,1,252,3,,4.130434782608695,14.945652173913043,0.0430339648611448,,6.086956521739131,10.815217391304348,0.03942342717188887,13.017391304347825,0.0,1
0,1,0,0,0,0,0,1,0,0,0,0,0,0,252,4,4.869565217391305,3.5217391304347827,18.253623188405797,0.0419368878228483,,4.130434782608695,14.945652173913043,0.0430339648611448,13.504347826086958,0.07173913043478261,1
0,1,0,0,0,0,0,0,1,0,0,0,0,0,252,5,2.347826086956522,2.652173913043478,18.847826086956523,0.04317666561412027,4.869565217391305,3.5217391304347827,18.253623188405797,0.0419368878228483,10.382608695652175,0.034782608695652174,1
0,1,0,0,0,0,0,0,0,1,0,0,0,0,252,6,1.1111111111111112,4.695652173913044,14.076086956521738,0.03702584823091243,2.347826086956522,2.652173913043478,18.847826086956523,0.04317666561412027,12.229347826086956,0.0,1
0,1,0,0,0,0,0,0,0,0,1,0,0,0,252,7,1.2777777777777777,4.478260869565218,15.271739130434783,0.03602643516719288,1.1111111111111112,4.695652173913044,14.076086956521738,0.03702584823091243,12.743478260869566,0.0,1
0,1,0,0,0,0,0,0,0,0,0,1,0,0,252,8,4.0,6.173913043478261,15.695652173913043,0.03585337225730705,1.2777777777777777,4.478260869565218,15.271739130434783,0.03602643516719288,12.054347826086957,0.0,1
0,1,0,0,0,0,0,0,0,0,0,0,1,0,252,9,9.695652173913043,8.130434782608695,14.492753623188404,0.043446380657436584,4.0,6.173913043478261,15.695652173913043,0.03585337225730705,12.680434782608694,0.002173913043478261,1
0,1,0,0,0,0,0,0,0,1,0,0,0,0,252,13,1.65,4.611111111111111,14.05,0.04572160141992546,9.695652173913043,8.130434782608695,14.492753623188404,0.043446380657436584,11.635,0.32249999999999995,1
0,1,0,0,0,0,0,0,0,0,1,0,0,0,252,14,3.6666666666666665,3.3333333333333335,17.708333333333332,0.05875426792364987,1.65,4.611111111111111,14.05,0.04572160141992546,10.237499999999999,0.0,1
0,1,0,0,0,0,0,0,0,0,0,1,0,0,252,15,9.842105263157896,7.217391304347826,13.818840579710145,0.043082544004534,3.6666666666666665,3.3333333333333335,17.708333333333332,0.05875426792364987,10.141304347826088,0.11521739130434783,1
0,1,0,0,0,0,0,0,0,0,0,0,1,0,252,16,0.8695652173913043,3.347826086956522,12.83695652173913,0.04648105402396562,9.842105263157896,7.217391304347826,13.818840579710145,0.043082544004534,8.363043478260868,0.05652173913043478,1
0,1,0,0,0,0,0,0,0,0,0,0,0,1,252,17,2.5217391304347827,1.826086956521739,16.0,0.040169318273823945,0.8695652173913043,3.347826086956522,12.83695652173913,0.04648105402396562,9.707608695652175,0.0,1
0,1,0,0,0,0,0,1,0,0,0,0,0,0,252,18,11.869565217391305,2.260869565217391,17.93840579710145,0.04453232531778799,2.5217391304347827,1.826086956521739,16.0,0.040169318273823945,10.451086956521738,0.0,1
0,1,0,0,0,0,0,0,1,0,0,0,0,0,252,19,2.608695652173913,1.5217391304347827,13.532608695652174,0.04479816067524892,11.869565217391305,2.260869565217391,17.93840579710145,0.04453232531778799,9.810869565217391,0.0,1
0,1,0,0,0,0,0,0,0,1,0,0,0,0,252,20,1.2608695652173914,1.3478260869565217,18.608695652173914,0.0446800867743502,2.608695652173913,1.5217391304347827,13.532608695652174,0.04479816067524892,10.158695652173913,0.03695652173913044,1
0,1,0,0,0,0,0,0,0,0,1,0,0,0,252,21,5.304347826086956,2.6956521739130435,19.36231884057971,0.043055218079507664,1.2608695652173914,1.3478260869565217,18.608695652173914,0.0446800867743502,9.2,0.14565217391304347,1
0,1,0,0,0,0,0,0,0,0,0,1,0,0,252,22,1.0,3.130434782608696,17.52173913043478,0.04529845761476799,5.304347826086956,2.6956521739130435,19.36231884057971,0.043055218079507664,6.3489130434782615,0.16521739130434782,1
0,1,0,0,0,0,0,0,0,0,0,0,1,0,252,23,2.260869565217391,1.6956521739130435,21.184782608695652,0.04715610072058938,1.0,3.130434782608696,17.52173913043478,0.04529845761476799,5.000724637681159,0.08550724637681159,1
0,1,0,0,0,0,0,0,0,0,0,0,0,1,252,24,4.0,2.9130434782608696,18.97826086956522,0.04975457434620674,2.260869565217391,1.6956521739130435,21.184782608695652,0.04715610072058938,8.056521739130435,0.0,1
0,1,0,0,0,0,0,1,0,0,0,0,0,0,252,25,2.260869565217391,4.478260869565218,13.217391304347826,0.04562586035543677,4.0,2.9130434782608696,18.97826086956522,0.04975457434620674,9.863043478260868,0.0,1
0,1,0,0,0,0,0,0,1,0,0,0,0,0,252,26,1.8695652173913044,1.826086956521739,18.902173913043477,0.04041221354546186,2.260869565217391,4.478260869565218,13.217391304347826,0.04562586035543677,7.6521739130434785,0.0,1
0,1,0,0,0,0,0,0,0,1,0,0,0,0,252,27,2.8260869565217392,3.130434782608696,19.532608695652176,0.03904086719698805,1.8695652173913044,1.826086956521739,18.902173913043477,0.04041221354546186,4.646739130434782,0.0,1
0,1,0,0,0,0,0,0,0,0,1,0,0,0,252,28,4.260869565217392,3.260869565217391,17.91304347826087,0.056259614444174516,2.8260869565217392,3.130434782608696,19.532608695652176,0.03904086719698805,3.2967391304347826,0.0,1
0,1,0,0,0,0,0,0,0,0,0,1,0,0,252,29,3.869565217391304,3.347826086956522,18.847826086956523,0.04215043320378912,4.260869565217392,3.260869565217391,17.91304347826087,0.056259614444174516,2.61304347826087,0.0,1
0,1,0,0,0,0,0,0,0,0,0,0,1,0,252,30,4.6521739130434785,5.130434782608695,20.98913043478261,0.041840235648935256,3.869565217391304,3.347826086956522,18.847826086956523,0.04215043320378912,3.7902173913043478,0.0,1
0,1,0,0,0,0,0,0,0,0,0,0,0,1,252,31,7.0,8.391304347826088,16.847826086956523,0.04811401939114236,4.6521739130434785,5.130434782608695,20.98913043478261,0.041840235648935256,3.914130434782609,0.0,1
0,1,0,0,0,0,0,1,0,0,0,0,0,0,252,32,2.347826086956522,1.391304347826087,23.630434782608695,0.041861994980163506,7.0,8.391304347826088,16.847826086956523,0.04811401939114236,6.822826086956522,0.0,1
0,1,0,0,0,0,0,0,1,0,0,0,0,0,252,33,2.260869565217391,0.6521739130434783,25.91304347826087,0.041800765221439516,2.347826086956522,1.391304347826087,23.630434782608695,0.041861994980163506,6.634782608695652,0.0,1
0,1,0,0,0,0,0,0,0,1,0,0,0,0,252,34,1.9565217391304348,0.6956521739130435,23.717391304347824,0.041702932292931705,2.260869565217391,0.6521739130434783,25.91304347826087,0.041800765221439516,5.607608695652174,0.0,1
0,1,0,0,0,0,0,0,0,0,1,0,0,0,252,35,2.0869565217391304,0.9130434782608695,23.217391304347824,0.04204770854586668,1.9565217391304348,0.6956521739130435,23.717391304347824,0.041702932292931705,8.828260869565218,0.0,1
0,1,0,0,0,0,0,0,0,0,0,1,0,0,252,36,4.0,2.9130434782608696,23.445652173913043,0.042195469941705074,2.0869565217391304,0.9130434782608695,23.217391304347824,0.04204770854586668,8.315217391304348,0.0,1
0,1,0,0,0,0,0,0,0,0,0,0,1,0,252,37,3.5217391304347827,5.695652173913044,21.793478260869566,0.04245708831268718,4.0,2.9130434782608696,23.445652173913043,0.042195469941705074,6.327173913043478,0.0,1
0,1,0,0,0,0,0,0,0,0,0,0,0,1,252,38,2.782608695652174,2.260869565217391,24.630434782608695,0.0447696541980406,3.5217391304347827,5.695652173913044,21.793478260869566,0.04245708831268718,6.123913043478261,0.0,1
0,1,0,0,0,0,0,1,0,0,0,0,0,0,252,39,2.130434782608696,1.1304347826086956,22.858695652173914,0.04391952070682531,2.782608695652174,2.260869565217391,24.630434782608695,0.0447696541980406,3.7695652173913046,0.0,1
0,1,0,0,0,0,0,0,1,0,0,0,0,0,252,40,1.7826086956521738,0.6521739130434783,24.347826086956523,0.04537891666666662,2.130434782608696,1.1304347826086956,22.858695652173914,0.04391952070682531,5.7239130434782615,0.0,1
0,1,0,0,0,0,0,0,0,1,0,0,0,0,252,41,2.3043478260869565,1.9130434782608696,22.01086956521739,0.04056048109464816,1.7826086956521738,0.6521739130434783,24.347826086956523,0.04537891666666662,6.014130434782608,0.0,1
0,1,0,0,0,0,0,0,0,0,1,0,0,0,252,42,3.652173913043478,3.0434782608695654,20.206521739130434,0.04220845814104117,2.3043478260869565,1.9130434782608696,22.01086956521739,0.04056048109464816,5.790217391304348,0.0,1
0,1,0,0,0,0,0,0,0,0,0,1,0,0,252,43,2.8260869565217392,1.6956521739130435,23.08695652173913,0.042136770241275955,3.652173913043478,3.0434782608695654,20.206521739130434,0.04220845814104117,6.576086956521739,0.0,1
0,1,0,0,0,0,0,0,0,0,0,0,1,0,252,44,2.260869565217391,1.0434782608695652,24.543478260869566,0.042347785401991696,2.8260869565217392,1.6956521739130435,23.08695652173913,0.042136770241275955,8.658695652173913,0.0,1
0,1,0,0,0,0,0,0,0,0,0,0,0,1,252,45,2.739130434782609,1.8695652173913044,22.532608695652176,0.04493209062019265,2.260869565217391,1.0434782608695652,24.543478260869566,0.042347785401991696,7.4010869565217385,0.0,1
0,1,0,0,0,0,0,1,0,0,0,0,0,0,252,46,3.0,1.3043478260869565,24.02173913043478,0.04310582137073917,2.739130434782609,1.8695652173913044,22.532608695652176,0.04493209062019265,8.383695652173913,0.0,1
0,1,0,0,0,0,0,0,1,0,0,0,0,0,252,47,2.0,1.0869565217391304,25.108695652173914,0.04237409928345878,3.0,1.3043478260869565,24.02173913043478,0.04310582137073917,8.618478260869566,0.0,1
0,1,0,0,0,0,0,0,0,1,0,0,0,0,252,48,2.4347826086956523,1.434782608695652,23.47826086956522,0.04211804691927774,2.0,1.0869565217391304,25.108695652173914,0.04237409928345878,8.854347826086956,0.0,1
0,1,0,0,0,0,0,0,0,0,1,0,0,0,252,49,2.9565217391304346,1.3043478260869565,24.52173913043478,0.044626447291717226,2.4347826086956523,1.434782608695652,23.47826086956522,0.04211804691927774,6.844565217391305,0.0,1
0,1,0,0,0,0,0,0,0,0,0,1,0,0,252,50,8.0,4.260869565217392,19.996376811594203,0.04968626020160305,2.9565217391304346,1.3043478260869565,24.52173913043478,0.044626447291717226,3.3630434782608694,0.010869565217391304,1
0,1,0,0,0,0,0,0,0,0,0,0,1,0,252,51,1.2173913043478262,2.5652173913043477,21.858695652173914,0.049296109849404864,8.0,4.260869565217392,19.996376811594203,0.04968626020160305,5.7586956521739125,0.02608695652173913,1
0,1,0,0,0,0,0,0,0,0,0,0,0,1,252,52,3.5652173913043477,1.0,20.793478260869566,0.049962047506274754,1.2173913043478262,2.5652173913043477,21.858695652173914,0.049296109849404864,7.504347826086956,0.0,1
0,1,0,0,0,0,0,1,0,0,0,0,0,0,252,53,12.695652173913043,1.8695652173913044,19.547101449275363,0.04971561015302401,3.5652173913043477,1.0,20.793478260869566,0.049962047506274754,7.135869565217392,0.0,1
0,1,0,0,0,0,0,0,1,0,0,0,0,0,252,54,2.5238095238095237,8.166666666666666,17.174603174603174,0.04735449747273205,12.695652173913043,1.8695652173913044,19.547101449275363,0.04971561015302401,7.840476190476191,0.0071428571428571435,1
0,1,0,0,0,0,0,0,0,1,0,0,0,0,252,55,1.608695652173913,14.130434782608695,15.195652173913043,0.051673953606995345,2.5238095238095237,8.166666666666666,17.174603174603174,0.04735449747273205,7.454710144927537,0.008695652173913044,1
0,1,0,0,0,0,0,0,0,0,1,0,0,0,252,56,0.782608695652174,2.4347826086956523,19.52173913043478,0.0486534490729495,1.608695652173913,14.130434782608695,15.195652173913043,0.051673953606995345,8.240217391304348,0.3652173913043478,1
0,1,0,0,0,0,0,0,0,0,0,1,0,0,252,57,2.0,1.2608695652173914,22.0,0.05109033001376403,0.782608695652174,2.4347826086956523,19.52173913043478,0.0486534490729495,6.141304347826087,0.5804347826086956,1
0,1,0,0,0,0,0,0,0,0,0,0,1,0,252,58,3.130434782608696,1.434782608695652,19.67391304347826,0.04668953922759287,2.0,1.2608695652173914,22.0,0.05109033001376403,8.991304347826087,0.0,1
0,1,0,0,0,0,0,0,0,0,0,0,0,1,252,59,3.869565217391304,1.9565217391304348,18.815217391304348,0.046599465772002226,3.130434782608696,1.434782608695652,19.67391304347826,0.04668953922759287,6.631521739130435,0.008695652173913044,1
0,1,0,0,0,0,0,1,0,0,0,0,0,0,252,60,1.2608695652173914,1.434782608695652,19.445652173913043,0.049002105092705,3.869565217391304,1.9565217391304348,18.815217391304348,0.046599465772002226,7.201086956521739,0.08260869565217391,1
0,1,0,0,0,0,0,0,1,0,0,0,0,0,252,61,1.565217391304348,0.5652173913043478,21.282608695652176,0.04400031701886483,1.2608695652173914,1.434782608695652,19.445652173913043,0.049002105092705,6.251086956521739,0.0,1
0,0,1,0,0,0,0,0,0,0,0,0,1,0,312,2,27.52173913043478,33.91304347826087,36.643478260869564,100.40678097000703,,,,,13.657608695652174,0.0,0
0,0,1,0,0,0,0,0,0,0,0,0,0,1,312,3,36.30434782608695,33.26086956521739,49.55942028985507,104.62526583486151,27.52173913043478,33.91304347826087,36.643478260869564,100.40678097000703,12.918478260869565,0.002173913043478261,1
0,0,1,0,0,0,0,1,0,0,0,0,0,0,312,4,16.217391304347824,24.08695652173913,23.29565217391304,98.59061548186564,36.30434782608695,33.26086956521739,49.55942028985507,104.62526583486151,13.489855072463767,0.07608695652173914,1
0,0,1,0,0,0,0,0,1,0,0,0,0,0,312,5,7.3478260869565215,33.5,15.884057971014492,125.8967563992483,16.217391304347824,24.08695652173913,23.29565217391304,98.59061548186564,8.159782608695652,0.06304347826086956,1
0,0,1,0,0,0,0,0,0,1,0,0,0,0,312,6,13.173913043478262,37.34782608695652,21.166666666666664,124.36313389492715,7.3478260869565215,33.5,15.884057971014492,125.8967563992483,10.460869565217392,0.0,1
0,0,1,0,0,0,0,0,0,0,1,0,0,0,312,7,13.08695652173913,35.391304347826086,20.71376811594203,123.34982981912391,13.173913043478262,37.34782608695652,21.166666666666664,124.36313389492715,10.741304347826087,0.0,1
0,0,1,0,0,0,0,0,0,0,0,1,0,0,312,8,18.565217391304348,37.869565217391305,28.23623188405797,123.41302603596843,13.08695652173913,35.391304347826086,20.71376811594203,123.34982981912391,10.123913043478261,0.0,1
0,0,1,0,0,0,0,0,0,0,0,0,1,0,312,9,21.956521739130434,34.43478260869565,30.0,126.04493630653072,18.565217391304348,37.869565217391305,28.23623188405797,123.41302603596843,10.32717391304348,0.004347826086956522,1
0,0,1,0,0,0,0,0,0,0,0,0,0,1,312,10,15.304347826086957,31.47826086956522,27.942028985507246,110.79495001747765,21.956521739130434,34.43478260869565,30.0,126.04493630653072,9.610869565217392,0.3239130434782609,1
0,0,1,0,0,0,0,1,0,0,0,0,0,0,312,11,5.086956521739131,22.434782608695652,12.097826086956522,100.59098403797933,15.304347826086957,31.47826086956522,27.942028985507246,110.79495001747765,7.186956521739131,0.002173913043478261,1
0,0,1,0,0,0,0,0,1,0,0,0,0,0,312,12,2.5833333333333335,8.347826086956522,17.48913043478261,127.5878571231391,5.086956521739131,22.434782608695652,12.097826086956522,100.59098403797933,11.995652173913042,0.0,1
0,0,1,0,0,0,0,0,0,1,0,0,0,0,312,13,32.166666666666664,43.04347826086956,28.580434782608698,125.83614119656436,2.5833333333333335,8.347826086956522,17.48913043478261,127.5878571231391,9.255434782608695,0.0,1
0,0,1,0,0,0,0,0,0,0,1,0,0,0,312,14,25.956521739130434,51.95652173913044,36.55072463768116,126.2736825378811,32.166666666666664,43.04347826086956,28.580434782608698,125.83614119656436,9.892391304347827,0.0,1
0,0,1,0,0,0,0,0,0,0,0,1,0,0,312,15,23.47826086956522,43.56521739130435,37.095652173913045,128.2365166643277,25.956521739130434,51.95652173913044,36.55072463768116,126.2736825378811,8.16304347826087,0.12608695652173912,1
0,0,1,0,0,0,0,0,0,0,0,0,1,0,312,16,7.304347826086956,35.26086956521739,18.28985507246377,130.06129579266874,23.47826086956522,43.56521739130435,37.095652173913045,128.2365166643277,6.4913043478260875,0.1,1
0,0,1,0,0,0,0,0,0,0,0,0,0,1,312,17,13.652173913043478,30.304347826086957,23.2,106.92578559463749,7.304347826086956,35.26086956521739,18.28985507246377,130.06129579266874,7.7945652173913045,0.0,1
0,0,1,0,0,0,0,1,0,0,0,0,0,0,312,18,10.434782608695652,27.52173913043478,18.0,99.89789136727167,13.652173913043478,30.304347826086957,23.2,106.92578559463749,8.418478260869565,0.0,1
0,0,1,0,0,0,0,0,1,0,0,0,0,0,312,19,13.652173913043478,32.43478260869565,22.434782608695652,128.3581252802844,10.434782608695652,27.52173913043478,18.0,99.89789136727167,7.951086956521739,0.0,1
0,0,1,0,0,0,0,0,0,1,0,0,0,0,312,20,19.869565217391305,35.17391304347826,31.391304347826086,132.0782905531385,13.652173913043478,32.43478260869565,22.434782608695652,128.3581252802844,7.440217391304348,0.09782608695652174,1
0,0,1,0,0,0,0,0,0,0,1,0,0,0,312,21,12.217391304347826,40.30434782608695,23.57246376811594,127.96864910609747,19.869565217391305,35.17391304347826,31.391304347826086,132.0782905531385,8.255434782608695,0.09565217391304348,1
0,0,1,0,0,0,0,0,0,0,0,1,0,0,312,22,9.3,40.95,17.825757575757574,131.61360921829274,12.217391304347826,40.30434782608695,23.57246376811594,127.96864910609747,5.517045454545454,0.17500000000000002,1
0,0,1,0,0,0,0,0,0,0,0,0,1,0,312,23,12.043478260869565,48.608695652173914,23.5,130.00600305691378,9.3,40.95,17.825757575757574,131.61360921829274,3.417391304347826,0.04565217391304348,1
0,0,1,0,0,0,0,0,0,0,0,0,0,1,312,24,9.217391304347826,26.608695652173914,16.782608695652176,113.37175168968764,12.043478260869565,48.608695652173914,23.5,130.00600305691378,5.1510869565217385,0.0,1
0,0,1,0,0,0,0,1,0,0,0,0,0,0,312,25,16.52173913043478,38.869565217391305,28.956521739130434,102.60853522601988,9.217391304347826,26.608695652173914,16.782608695652176,113.37175168968764,8.291304347826086,0.0,1
0,0,1,0,0,0,0,0,1,0,0,0,0,0,312,26,3.5217391304347827,27.17391304347826,18.144927536231883,127.60979283432249,16.52173913043478,38.869565217391305,28.956521739130434,102.60853522601988,6.715217391304347,0.0,1
0,0,1,0,0,0,0,0,0,1,0,0,0,0,312,27,3.9565217391304346,14.608695652173912,16.434782608695652,131.1467363179791,3.5217391304347827,27.17391304347826,18.144927536231883,127.60979283432249,4.096739130434782,0.0,1
0,0,1,0,0,0,0,0,0,0,1,0,0,0,312,28,14.608695652173912,43.04347826086956,27.607971014492755,134.55415568929854,3.9565217391304346,14.608695652173912,16.434782608695652,131.1467363179791,2.11304347826087,0.0,0
0,0,1,0,0,0,0,0,0,0,0,1,0,0,312,29,28.565217391304348,62.47826086956522,46.69420289855073,133.68403544030048,14.608695652173912,43.04347826086956,27.607971014492755,134.55415568929854,0.9967391304347825,0.0,0
0,0,1,0,0,0,0,0,0,0,0,0,1,0,312,30,30.782608695652176,65.47826086956522,50.33043478260869,132.50999102292894,28.565217391304348,62.47826086956522,46.69420289855073,133.68403544030048,1.7141304347826085,0.0,0
0,0,1,0,0,0,0,0,0,0,0,0,0,1,312,31,38.52173913043478,67.6086956521739,63.51304347826087,118.13843733060635,30.782608695652176,65.47826086956522,50.33043478260869,132.50999102292894,2.3380434782608694,0.0,1
0,0,1,0,0,0,0,1,0,0,0,0,0,0,312,32,16.17391304347826,44.391304347826086,28.61086956521739,108.42944012669686,38.52173913043478,67.6086956521739,63.51304347826087,118.13843733060635,3.067391304347826,0.0,1
0,0,1,0,0,0,0,0,1,0,0,0,0,0,312,33,22.043478260869566,63.869565217391305,35.96811594202899,133.53478329505353,16.17391304347826,44.391304347826086,28.61086956521739,108.42944012669686,3.9989130434782605,0.0,0
0,0,1,0,0,0,0,0,0,1,0,0,0,0,312,34,32.47826086956522,75.2,48.93333333333334,135.20114368726792,22.043478260869566,63.869565217391305,35.96811594202899,133.53478329505353,3.41195652173913,0.0,0
0,0,1,0,0,0,0,0,0,0,1,0,0,0,312,35,30.869565217391305,71.65217391304348,46.310144927536236,136.18569682752042,32.47826086956522,75.2,48.93333333333334,135.20114368726792,3.65,0.0,0
0,0,1,0,0,0,0,0,0,0,0,1,0,0,312,36,31.695652173913043,78.8695652173913,47.620289855072464,130.24229731208186,30.869565217391305,71.65217391304348,46.310144927536236,136.18569682752042,5.05,0.0,0
0,0,1,0,0,0,0,0,0,0,0,0,1,0,312,37,31.347826086956523,80.91304347826087,51.594202898550726,133.35042849285435,31.695652173913043,78.8695652173913,47.620289855072464,130.24229731208186,4.480434782608696,0.0,0
0,0,1,0,0,0,0,0,0,0,0,0,0,1,312,38,23.304347826086957,92.1304347826087,44.71014492753623,118.35496724481138,31.347826086956523,80.91304347826087,51.594202898550726,133.35042849285435,6.108695652173913,0.0,1
0,0,1,0,0,0,0,1,0,0,0,0,0,0,312,39,20.26086956521739,62.869565217391305,36.51304347826087,109.70283612227372,23.304347826086957,92.1304347826087,44.71014492753623,118.35496724481138,2.7902173913043478,0.0,0
0,0,1,0,0,0,0,0,1,0,0,0,0,0,312,40,32.21739130434783,73.8695652173913,48.539130434782614,137.17162909582575,20.26086956521739,62.869565217391305,36.51304347826087,109.70283612227372,1.3478260869565217,0.0,0
0,0,1,0,0,0,0,0,0,1,0,0,0,0,312,41,39.56521739130435,84.6086956521739,59.00869565217391,134.76112927382334,32.21739130434783,73.8695652173913,48.539130434782614,137.17162909582575,4.978260869565218,0.0,0
0,0,1,0,0,0,0,0,0,0,1,0,0,0,312,42,39.47826086956522,76.26086956521739,57.70434782608696,135.55548228244862,39.56521739130435,84.6086956521739,59.00869565217391,134.76112927382334,4.1695652173913045,0.0,0
0,0,1,0,0,0,0,0,0,0,0,1,0,0,312,43,34.47826086956522,71.47826086956522,53.82028985507246,134.8607064118684,39.47826086956522,76.26086956521739,57.70434782608696,135.55548228244862,3.5043478260869563,0.0,1
0,0,1,0,0,0,0,0,0,0,0,0,1,0,312,44,34.8235294117647,73.75,39.332608695652176,134.82103177485322,34.47826086956522,71.47826086956522,53.82028985507246,134.8607064118684,3.865217391304348,0.0,0
0,0,1,0,0,0,0,0,0,0,0,0,0,1,312,45,28.52173913043478,69.21739130434783,46.87826086956522,118.49530669090633,34.8235294117647,73.75,39.332608695652176,134.82103177485322,3.8282608695652174,0.0,1
0,0,1,0,0,0,0,1,0,0,0,0,0,0,312,46,18.73913043478261,61.17391304347826,35.504347826086956,107.16377390554129,28.52173913043478,69.21739130434783,46.87826086956522,118.49530669090633,5.981521739130436,0.0,0
0,0,1,0,0,0,0,0,1,0,0,0,0,0,312,47,28.217391304347824,75.52173913043478,41.869565217391305,111.19148402642747,18.73913043478261,61.17391304347826,35.504347826086956,107.16377390554129,3.792391304347826,0.0,0
0,0,1,0,0,0,0,0,0,1,0,0,0,0,312,48,42.130434782608695,75.3913043478261,53.82608695652174,136.62984117465928,28.217391304347824,75.52173913043478,41.869565217391305,111.19148402642747,3.654347826086956,0.0,0
0,0,1,0,0,0,0,0,0,0,1,0,0,0,312,49,33.21739130434783,76.17391304347827,46.32463768115942,136.6131149298956,42.130434782608695,75.3913043478261,53.82608695652174,136.62984117465928,2.7130434782608694,0.0,0
0,0,1,0,0,0,0,0,0,0,0,1,0,0,312,50,40.43478260869565,78.43478260869566,64.03478260869565,140.23280481501487,33.21739130434783,76.17391304347827,46.32463768115942,136.6131149298956,0.06521739130434782,0.004347826086956522,0
0,0,1,0,0,0,0,0,0,0,0,0,1,0,312,51,44.52173913043478,77.0,69.42608695652174,138.2581952084709,40.43478260869565,78.43478260869566,64.03478260869565,140.23280481501487,1.908695652173913,0.02391304347826087,0
0,0,1,0,0,0,0,0,0,0,0,0,0,1,312,52,59.04347826086956,83.65217391304348,84.45217391304348,115.83107057175285,44.52173913043478,77.0,69.42608695652174,138.2581952084709,4.452173913043478,0.0,0
0,0,1,0,0,0,0,1,0,0,0,0,0,0,312,53,54.17391304347826,68.8695652173913,81.87826086956522,108.56400500637373,59.04347826086956,83.65217391304348,84.45217391304348,115.83107057175285,5.265217391304348,0.0,0
0,0,1,0,0,0,0,0,1,0,0,0,0,0,312,54,45.17391304347826,60.130434782608695,71.3391304347826,125.81945718251363,54.17391304347826,68.8695652173913,81.87826086956522,108.56400500637373,6.060869565217391,0.0,0
0,0,1,0,0,0,0,0,0,1,0,0,0,0,312,55,40.0,55.21739130434783,63.63478260869565,120.68072881592818,45.17391304347826,60.130434782608695,71.3391304347826,125.81945718251363,6.9195652173913045,0.017391304347826087,1
0,0,1,0,0,0,0,0,0,0,1,0,0,0,312,56,11.782608695652174,42.91304347826087,22.289855072463766,98.89234837960906,40.0,55.21739130434783,63.63478260869565,120.68072881592818,8.334782608695651,0.24782608695652175,1
0,0,1,0,0,0,0,0,0,0,0,1,0,0,312,57,2.9130434782608696,28.391304347826086,15.865942028985506,103.85066423193597,11.782608695652174,42.91304347826087,22.289855072463766,98.89234837960906,3.566304347826087,0.691304347826087,1
0,0,1,0,0,0,0,0,0,0,0,0,1,0,312,58,13.826086956521738,45.608695652173914,29.93188405797101,115.55979300042527,2.9130434782608696,28.391304347826086,15.865942028985506,103.85066423193597,6.060869565217391,0.0,0
0,0,1,0,0,0,0,0,0,0,0,0,0,1,312,59,22.47826086956522,49.0,41.21739130434783,109.44496469312845,13.826086956521738,45.608695652173914,29.93188405797101,115.55979300042527,3.115217391304348,0.002173913043478261,1
0,0,1,0,0,0,0,1,0,0,0,0,0,0,312,60,20.217391304347824,43.73913043478261,36.8,104.35730099953163,22.47826086956522,49.0,41.21739130434783,109.44496469312845,4.266304347826087,0.1,1
0,0,1,0,0,0,0,0,1,0,0,0,0,0,312,61,11.782608695652174,47.869565217391305,28.231884057971012,118.48854967094894,20.217391304347824,43.73913043478261,36.8,104.35730099953163,3.7467391304347823,0.0,1
0,0,0,1,0,0,0,0,0,0,0,0,1,0,204,2,21.652173913043477,19.47826086956522,22.652173913043477,0.10517136053871322,,,,,13.34855072463768,0.0,1
0,0,0,1,0,0,0,0,0,0,0,0,0,1,204,3,32.47826086956522,22.08695652173913,36.63768115942029,0.11177221541338507,21.652173913043477,19.47826086956522,22.652173913043477,0.10517136053871322,13.684782608695652,0.0,1
0,0,0,1,0,0,0,1,0,0,0,0,0,0,204,4,16.391304347826086,18.347826086956523,19.64855072463768,0.1073969686949329,32.47826086956522,22.08695652173913,36.63768115942029,0.11177221541338507,13.376086956521737,0.19130434782608696,1
0,0,0,1,0,0,0,0,1,0,0,0,0,0,204,5,6.956521739130435,23.3,12.065217391304348,0.11823776403423593,16.391304347826086,18.347826086956523,19.64855072463768,0.1073969686949329,8.660869565217391,0.05434782608695652,1
0,0,0,1,0,0,0,0,0,1,0,0,0,0,204,6,11.304347826086957,23.347826086956523,13.202898550724639,0.10949176469953606,6.956521739130435,23.3,12.065217391304348,0.11823776403423593,10.127173913043478,0.0,1
0,0,0,1,0,0,0,0,0,0,1,0,0,0,204,7,16.956521739130434,21.869565217391305,17.82608695652174,0.10757048651418705,11.304347826086957,23.347826086956523,13.202898550724639,0.10949176469953606,10.6,0.0,1
0,0,0,1,0,0,0,0,0,0,0,1,0,0,204,8,13.608695652173912,19.782608695652176,14.797101449275361,0.1069213689718416,16.956521739130434,21.869565217391305,17.82608695652174,0.10757048651418705,9.180434782608696,0.0,1
0,0,0,1,0,0,0,0,0,0,0,0,1,0,204,9,19.217391304347824,22.782608695652176,19.434782608695652,0.11608947425108783,13.608695652173912,19.782608695652176,14.797101449275361,0.1069213689718416,9.90108695652174,0.002173913043478261,1
0,0,0,1,0,0,0,1,0,0,0,0,0,0,204,11,9.73913043478261,12.956521739130435,10.032608695652174,0.10532959324990107,19.434782608695652,22.08695652173913,21.184782608695652,0.11359594691984028,7.471739130434782,0.002173913043478261,1
0,0,0,1,0,0,0,0,1,0,0,0,0,0,204,12,10.08695652173913,9.478260869565217,16.456521739130434,0.11380317946919838,9.73913043478261,12.956521739130435,10.032608695652174,0.10532959324990107,12.225,0.002173913043478261,1
0,0,0,1,0,0,0,0,0,1,0,0,0,0,204,13,11.652173913043478,24.869565217391305,15.083333333333332,0.11101566165893476,10.08695652173913,9.478260869565217,16.456521739130434,0.11380317946919838,8.117391304347825,0.0,1
0,0,0,1,0,0,0,0,0,0,1,0,0,0,204,14,17.695652173913043,26.608695652173914,19.724637681159418,0.11118048780882508,11.652173913043478,24.869565217391305,15.083333333333332,0.11101566165893476,8.618478260869566,0.0,1
0,0,0,1,0,0,0,0,0,0,0,1,0,0,204,15,20.0,26.217391304347824,20.52173913043478,0.11905815089725605,17.695652173913043,26.608695652173914,19.724637681159418,0.11118048780882508,6.3293478260869565,0.11739130434782609,1
0,0,0,1,0,0,0,0,0,0,0,0,1,0,204,16,11.478260869565217,23.304347826086957,13.608695652173912,0.12044853822778431,20.0,26.217391304347824,20.52173913043478,0.11905815089725605,7.406521739130435,0.08695652173913043,1
0,0,0,1,0,0,0,0,0,0,0,0,0,1,204,17,10.521739130434783,16.82608695652174,11.108695652173912,0.10833288333872762,11.478260869565217,23.304347826086957,13.608695652173912,0.12044853822778431,7.7576086956521735,0.0,1
0,0,0,1,0,0,0,1,0,0,0,0,0,0,204,18,11.91304347826087,15.608695652173912,12.173913043478262,0.10897840495199047,10.521739130434783,16.82608695652174,11.108695652173912,0.10833288333872762,9.097826086956522,0.0,1
0,0,0,1,0,0,0,0,1,0,0,0,0,0,204,19,10.91304347826087,22.956521739130434,11.91304347826087,0.12114740286618472,11.91304347826087,15.608695652173912,12.173913043478262,0.10897840495199047,8.61413043478261,0.0,1
0,0,0,1,0,0,0,0,0,1,0,0,0,0,204,20,17.08695652173913,25.782608695652176,17.08695652173913,0.12137471368720101,10.91304347826087,22.956521739130434,11.91304347826087,0.12114740286618472,7.614130434782608,0.09565217391304348,1
0,0,0,1,0,0,0,0,0,0,1,0,0,0,204,21,9.272727272727273,28.8,15.272727272727273,0.11262829912023457,17.08695652173913,25.782608695652176,17.08695652173913,0.12137471368720101,8.464772727272727,0.11818181818181818,1
0,0,0,1,0,0,0,0,0,0,0,1,0,0,204,22,6.3478260869565215,23.347826086956523,13.865942028985506,0.11763989299456969,9.272727272727273,28.8,15.272727272727273,0.11262829912023457,5.827173913043478,0.1391304347826087,1
0,0,0,1,0,0,0,0,0,0,0,0,1,0,204,23,7.565217391304348,24.869565217391305,13.496376811594203,0.11702538893084471,6.3478260869565215,23.347826086956523,13.865942028985506,0.11763989299456969,3.882608695652174,0.043478260869565216,1
0,0,0,1,0,0,0,0,0,0,0,0,0,1,204,24,10.826086956521738,15.043478260869565,15.952898550724637,0.11967310425432441,7.565217391304348,24.869565217391305,13.496376811594203,0.11702538893084471,6.003260869565217,0.0,1
0,0,0,1,0,0,0,1,0,0,0,0,0,0,204,25,16.391304347826086,16.608695652173914,17.96014492753623,0.11340534755637066,10.826086956521738,15.043478260869565,15.952898550724637,0.11967310425432441,6.989130434782608,0.0,1
0,0,0,1,0,0,0,0,1,0,0,0,0,0,204,26,1.0434782608695652,7.739130434782608,14.630434782608695,0.1160625018520516,16.391304347826086,16.608695652173914,17.96014492753623,0.11340534755637066,5.479347826086957,0.0,1
0,0,0,1,0,0,0,0,0,1,0,0,0,0,204,27,3.4347826086956523,8.772727272727273,16.445652173913043,0.12418275982666231,1.0434782608695652,7.739130434782608,14.630434782608695,0.1160625018520516,4.171739130434783,0.0,1
0,0,0,1,0,0,0,0,0,0,1,0,0,0,204,28,6.666666666666667,23.695652173913043,15.742753623188404,0.13142958612939185,3.4347826086956523,8.772727272727273,16.445652173913043,0.12418275982666231,1.3217391304347825,0.0,1
0,0,0,1,0,0,0,0,0,0,0,1,0,0,204,29,28.666666666666668,40.52173913043478,25.91304347826087,0.13048018471967487,6.666666666666667,23.695652173913043,15.742753623188404,0.13142958612939185,-1.2184782608695652,0.0,1
0,0,0,1,0,0,0,0,0,0,0,0,1,0,204,30,31.82608695652174,48.0,34.97101449275362,0.1288546949329305,28.666666666666668,40.52173913043478,25.91304347826087,0.13048018471967487,-0.9347826086956522,0.0,0
0,0,0,1,0,0,0,0,0,0,0,0,0,1,204,31,37.04347826086956,51.26086956521739,42.643478260869564,0.1283395364836192,31.82608695652174,48.0,34.97101449275362,0.1288546949329305,0.8913043478260869,0.0,1
0,0,0,1,0,0,0,1,0,0,0,0,0,0,204,32,13.478260869565217,15.73913043478261,15.46376811594203,0.11833306367101808,37.04347826086956,51.26086956521739,42.643478260869564,0.1283395364836192,2.3967391304347827,0.0,1
0,0,0,1,0,0,0,0,1,0,0,0,0,0,204,33,17.347826086956523,30.047619047619047,20.36231884057971,0.12003002909339372,13.478260869565217,15.73913043478261,15.46376811594203,0.11833306367101808,2.2804347826086957,0.0,1
0,0,0,1,0,0,0,0,0,1,0,0,0,0,204,34,28.652173913043477,46.56521739130435,32.51449275362319,0.11979162966159596,17.347826086956523,30.047619047619047,20.36231884057971,0.12003002909339372,-0.6554347826086956,0.0,1
0,0,0,1,0,0,0,0,0,0,1,0,0,0,204,35,25.08695652173913,40.56521739130435,28.630434782608695,0.11636323612759374,28.652173913043477,46.56521739130435,32.51449275362319,0.11979162966159596,-0.17282608695652185,0.0,1
0,0,0,1,0,0,0,0,0,0,0,1,0,0,204,36,29.695652173913043,48.52173913043478,33.47101449275362,0.11740344172330704,25.08695652173913,40.56521739130435,28.630434782608695,0.11636323612759374,0.8391304347826086,0.0,1
0,0,0,1,0,0,0,0,0,0,0,0,1,0,204,37,21.956521739130434,45.47826086956522,29.41304347826087,0.12264088175639223,29.695652173913043,48.52173913043478,33.47101449275362,0.11740344172330704,3.6673913043478263,0.0,1
0,0,0,1,0,0,0,0,0,0,0,0,0,1,204,38,15.565217391304348,34.34782608695652,20.98550724637681,0.1302185600748013,21.956521739130434,45.47826086956522,29.41304347826087,0.12264088175639223,2.85,0.0,1
0,0,0,1,0,0,0,1,0,0,0,0,0,0,204,39,19.73913043478261,33.130434782608695,21.82608695652174,0.12114755273851903,15.565217391304348,34.34782608695652,20.98550724637681,0.1302185600748013,-0.833695652173913,0.0,1
0,0,0,1,0,0,0,0,1,0,0,0,0,0,204,40,27.82608695652174,51.95652173913044,31.56811594202898,0.12409600062933791,19.73913043478261,33.130434782608695,21.82608695652174,0.12114755273851903,-1.3521739130434782,0.0,0
0,0,0,1,0,0,0,0,0,1,0,0,0,0,204,41,40.82608695652174,66.43478260869566,45.2927536231884,0.11173400570000357,27.82608695652174,51.95652173913044,31.56811594202898,0.12409600062933791,0.6934782608695651,0.0,1
0,0,0,1,0,0,0,0,0,0,1,0,0,0,204,42,34.608695652173914,55.0,38.77101449275362,0.11118273574999096,40.82608695652174,66.43478260869566,45.2927536231884,0.11173400570000357,0.19782608695652165,0.0,1
0,0,0,1,0,0,0,0,0,0,0,1,0,0,204,43,28.608695652173914,45.82608695652174,32.27536231884058,0.11400996150249931,34.608695652173914,55.0,38.77101449275362,0.11118273574999096,0.0065217391304346825,0.0,1
0,0,0,1,0,0,0,0,0,0,0,0,1,0,204,44,26.47826086956522,45.34782608695652,30.63333333333333,0.11522683180494118,28.608695652173914,45.82608695652174,32.27536231884058,0.11400996150249931,0.05760869565217404,0.0,1
0,0,0,1,0,0,0,0,0,0,0,0,0,1,204,45,25.130434782608695,40.21739130434783,28.340579710144926,0.11948070645880529,26.47826086956522,45.34782608695652,30.63333333333333,0.11522683180494118,0.20434782608695634,0.0,1
0,0,0,1,0,0,0,1,0,0,0,0,0,0,204,46,17.304347826086957,23.82608695652174,20.27173913043478,0.11394208233538312,25.130434782608695,40.21739130434783,28.340579710144926,0.11948070645880529,3.4456521739130435,0.0,1
0,0,0,1,0,0,0,0,1,0,0,0,0,0,204,47,22.82608695652174,41.08695652173913,26.904347826086955,0.11508118414428017,17.304347826086957,23.82608695652174,20.27173913043478,0.11394208233538312,0.28804347826086957,0.0,1
0,0,0,1,0,0,0,0,0,1,0,0,0,0,204,48,27.761904761904763,49.857142857142854,32.36507936507936,0.11471618318957026,22.82608695652174,41.08695652173913,26.904347826086955,0.11508118414428017,-0.5583333333333333,0.0,1
0,0,0,1,0,0,0,0,0,0,1,0,0,0,204,49,27.304347826086957,51.17391304347826,31.953623188405796,0.12161131493868446,27.761904761904763,49.857142857142854,32.36507936507936,0.11471618318957026,-0.6565217391304349,0.0,0
0,0,0,1,0,0,0,0,0,0,0,1,0,0,204,50,39.17391304347826,70.73913043478261,45.56521739130435,0.11795695912899626,27.304347826086957,51.17391304347826,31.953623188405796,0.12161131493868446,-1.8282608695652172,0.010869565217391304,0
0,0,0,1,0,0,0,0,0,0,0,0,1,0,204,51,43.0,66.78260869565217,50.01739130434782,0.10969764836192321,39.17391304347826,70.73913043478261,45.56521739130435,0.11795695912899626,1.7032608695652172,0.01956521739130435,0
0,0,0,1,0,0,0,0,0,0,0,0,0,1,204,52,57.869565217391305,65.95652173913044,63.14782608695653,0.10873071501780122,43.0,66.78260869565217,50.01739130434782,0.10969764836192321,3.4521739130434783,0.0,0
0,0,0,1,0,0,0,1,0,0,0,0,0,0,204,53,52.73913043478261,53.69565217391305,60.81159420289855,0.10841379880965221,57.869565217391305,65.95652173913044,63.14782608695653,0.10873071501780122,4.641304347826087,0.0,0
0,0,0,1,0,0,0,0,1,0,0,0,0,0,204,54,41.608695652173914,45.08695652173913,47.5536231884058,0.11110466779947492,52.73913043478261,53.69565217391305,60.81159420289855,0.10841379880965221,5.789130434782609,0.0,0
0,0,0,1,0,0,0,0,0,1,0,0,0,0,204,55,35.21739130434783,45.30434782608695,40.74492753623188,0.11097475464811014,41.608695652173914,45.08695652173913,47.5536231884058,0.11110466779947492,6.846739130434782,0.006521739130434784,1
0,0,0,1,0,0,0,0,0,0,1,0,0,0,204,56,13.173913043478262,21.043478260869566,15.402173913043478,0.11290547308231735,35.21739130434783,45.30434782608695,40.74492753623188,0.11097475464811014,7.995652173913044,0.3782608695652174,1
0,0,0,1,0,0,0,0,0,0,0,1,0,0,204,57,4.391304347826087,13.652173913043478,13.880434782608695,0.12209755342180025,13.173913043478262,21.043478260869566,15.402173913043478,0.11290547308231735,3.7369565217391307,0.6804347826086957,1
0,0,0,1,0,0,0,0,0,0,0,0,1,0,204,58,10.565217391304348,20.0,12.782608695652174,0.11687344945517313,4.391304347826087,13.652173913043478,13.880434782608695,0.12209755342180025,4.996739130434783,0.0,1
0,0,0,1,0,0,0,0,0,0,0,0,0,1,204,59,18.52173913043478,30.391304347826086,20.456521739130434,0.11888463325781275,10.565217391304348,20.0,12.782608695652174,0.11687344945517313,2.325,0.008695652173913044,1
0,0,0,1,0,0,0,1,0,0,0,0,0,0,204,60,18.47826086956522,28.130434782608695,19.057971014492754,0.1215260545725896,18.52173913043478,30.391304347826086,20.456521739130434,0.11888463325781275,4.748913043478261,0.08260869565217391,1
0,0,0,1,0,0,0,0,1,0,0,0,0,0,204,61,8.869565217391305,15.869565217391305,12.304347826086957,0.12174122817995467,18.47826086956522,28.130434782608695,19.057971014492754,0.1215260545725896,3.5543478260869565,0.0,1
0,0,0,0,1,0,0,0,0,0,0,0,1,0,85,2,24.26086956521739,27.08695652173913,25.681159420289852,,,,,,13.995652173913042,0.0,1
0,0,0,0,1,0,0,0,0,0,0,0,0,1,85,3,23.26086956521739,25.304347826086957,25.543478260869566,,24.26086956521739,27.08695652173913,25.681159420289852,,14.194565217391306,0.004347826086956522,1
0,0,0,0,1,0,0,1,0,0,0,0,0,0,85,4,15.294117647058824,20.347826086956523,15.380434782608695,,23.26086956521739,25.304347826086957,25.543478260869566,,14.568478260869565,0.07608695652173914,1
0,0,0,0,1,0,0,0,1,0,0,0,0,0,85,5,10.466666666666667,31.869565217391305,16.206521739130434,,15.294117647058824,20.347826086956523,15.380434782608695,,9.976086956521739,0.0608695652173913,1
0,0,0,0,1,0,0,0,0,1,0,0,0,0,85,6,12.91304347826087,28.82608695652174,15.347826086956522,,10.466666666666667,31.869565217391305,16.206521739130434,,11.359057971014492,0.0,1
0,0,0,0,1,0,0,0,0,0,1,0,0,0,85,7,18.043478260869566,32.17391304347826,20.043478260869566,,12.91304347826087,28.82608695652174,15.347826086956522,,12.156521739130437,0.0,1
0,0,0,0,1,0,0,0,0,0,0,1,0,0,85,8,20.0,30.565217391304348,23.89855072463768,,18.043478260869566,32.17391304347826,20.043478260869566,,10.354347826086956,0.0,1
0,0,0,0,1,0,0,0,0,0,0,0,1,0,85,9,22.652173913043477,30.782608695652176,24.282608695652176,,20.0,30.565217391304348,23.89855072463768,,13.08695652173913,0.01956521739130435,1
0,0,0,0,1,0,0,0,0,0,0,0,0,1,85,10,13.565217391304348,27.434782608695652,17.246376811594203,,22.652173913043477,30.782608695652176,24.282608695652176,,11.915217391304349,0.44130434782608696,1
0,0,0,0,1,0,0,1,0,0,0,0,0,0,85,11,6.565217391304348,18.608695652173914,10.58695652173913,,13.565217391304348,27.434782608695652,17.246376811594203,,9.091304347826087,0.002173913043478261,1
0,0,0,0,1,0,0,0,1,0,0,0,0,0,85,12,2.739130434782609,9.380952380952381,16.67391304347826,,6.565217391304348,18.608695652173914,10.58695652173913,,14.273913043478261,0.0,1
0,0,0,0,1,0,0,0,0,1,0,0,0,0,85,13,17.08695652173913,34.73913043478261,23.434782608695652,,2.739130434782609,9.380952380952381,16.67391304347826,,9.957608695652175,0.0,1
0,0,0,0,1,0,0,0,0,0,1,0,0,0,85,14,22.08695652173913,36.43478260869565,24.430434782608696,,17.08695652173913,34.73913043478261,23.434782608695652,,10.064130434782609,0.0,1
0,0,0,0,1,0,0,0,0,0,0,1,0,0,85,15,22.82608695652174,33.69565217391305,24.094202898550723,,22.08695652173913,36.43478260869565,24.430434782608696,,10.558695652173913,0.12391304347826088,1
0,0,0,0,1,0,0,0,0,0,0,0,1,0,85,16,5.478260869565218,22.0,12.434782608695652,,22.82608695652174,33.69565217391305,24.094202898550723,,9.056521739130435,0.049999999999999996,1
0,0,0,0,1,0,0,0,0,0,0,0,0,1,85,17,16.347826086956523,24.434782608695652,18.31159420289855,,5.478260869565218,22.0,12.434782608695652,,8.56195652173913,0.0,1
0,0,0,0,1,0,0,1,0,0,0,0,0,0,85,18,15.565217391304348,22.043478260869566,15.673913043478262,,16.347826086956523,24.434782608695652,18.31159420289855,,10.157608695652174,0.0,1
0,0,0,0,1,0,0,0,1,0,0,0,0,0,85,19,18.47826086956522,26.0,18.884057971014492,,15.565217391304348,22.043478260869566,15.673913043478262,,9.108695652173912,0.004347826086956522,1
0,0,0,0,1,0,0,0,0,1,0,0,0,0,85,20,18.695652173913043,28.26086956521739,19.420289855072465,,18.47826086956522,26.0,18.884057971014492,,9.920652173913044,0.015217391304347825,1
0,0,0,0,1,0,0,0,0,0,1,0,0,0,85,21,9.826086956521738,23.91304347826087,14.090579710144926,,18.695652173913043,28.26086956521739,19.420289855072465,,10.201086956521738,0.21956521739130433,1
0,0,0,0,1,0,0,0,0,0,0,1,0,0,85,22,11.043478260869565,24.17391304347826,13.94927536231884,,9.826086956521738,23.91304347826087,14.090579710144926,,7.4021739130434785,0.21304347826086958,1
0,0,0,0,1,0,0,0,0,0,0,0,1,0,85,23,8.695652173913043,24.782608695652176,14.01086956521739,,11.043478260869565,24.17391304347826,13.94927536231884,,5.107608695652174,0.0391304347826087,1
0,0,0,0,1,0,0,0,0,0,0,0,0,1,85,24,12.173913043478262,27.652173913043477,17.67753623188406,,8.695652173913043,24.782608695652176,14.01086956521739,,8.483695652173912,0.006521739130434784,1
0,0,0,0,1,0,0,1,0,0,0,0,0,0,85,25,15.565217391304348,23.130434782608695,16.63768115942029,,12.173913043478262,27.652173913043477,17.67753623188406,,8.064130434782609,0.0,1
0,0,0,0,1,0,0,0,1,0,0,0,0,0,85,26,4.043478260869565,11.0,15.858695652173912,,15.565217391304348,23.130434782608695,16.63768115942029,,6.33804347826087,0.0,1
0,0,0,0,1,0,0,0,0,1,0,0,0,0,85,27,3.782608695652174,12.26086956521739,17.380434782608695,,4.043478260869565,11.0,15.858695652173912,,5.715217391304347,0.0,1
0,0,0,0,1,0,0,0,0,0,1,0,0,0,85,28,16.956521739130434,32.78260869565217,26.03405797101449,,3.782608695652174,12.26086956521739,17.380434782608695,,3.7282608695652173,0.0,1
0,0,0,0,1,0,0,0,0,0,0,1,0,0,85,29,28.954545454545453,45.0,30.89090909090909,,16.956521739130434,32.78260869565217,26.03405797101449,,1.4909090909090907,0.0,1
0,0,0,0,1,0,0,0,0,0,0,0,1,0,85,30,31.0,50.608695652173914,34.94782608695652,,28.954545454545453,45.0,30.89090909090909,,1.7597826086956523,0.0,0
0,0,0,0,1,0,0,0,0,0,0,0,0,1,85,31,40.391304347826086,51.0,46.5391304347826,,31.0,50.608695652173914,34.94782608695652,,3.865217391304348,0.0,1
0,0,0,0,1,0,0,1,0,0,0,0,0,0,85,32,14.08695652173913,38.08695652173913,19.793478260869566,,40.391304347826086,51.0,46.5391304347826,,1.8510869565217392,0.0,1
0,0,0,0,1,0,0,0,1,0,0,0,0,0,85,33,20.91304347826087,52.608695652173914,28.892753623188405,,14.08695652173913,38.08695652173913,19.793478260869566,,3.0413043478260873,0.0,1
0,0,0,0,1,0,0,0,0,1,0,0,0,0,85,34,27.043478260869566,54.17391304347826,31.310144927536232,,20.91304347826087,52.608695652173914,28.892753623188405,,3.7532608695652177,0.0,1
0,0,0,0,1,0,0,0,0,0,1,0,0,0,85,35,22.869565217391305,51.130434782608695,29.06376811594203,,27.043478260869566,54.17391304347826,31.310144927536232,,2.970652173913044,0.0,1
0,0,0,0,1,0,0,0,0,0,0,1,0,0,85,36,27.217391304347824,52.43478260869565,33.017391304347825,,22.869565217391305,51.130434782608695,29.06376811594203,,3.851086956521739,0.0,1
0,0,0,0,1,0,0,0,0,0,0,0,1,0,85,37,33.56521739130435,56.130434782608695,37.463768115942024,,27.217391304347824,52.43478260869565,33.017391304347825,,4.003260869565217,0.0,1
0,0,0,0,1,0,0,0,0,0,0,0,0,1,85,38,26.391304347826086,52.78260869565217,34.78913043478261,,33.56521739130435,56.130434782608695,37.463768115942024,,3.347826086956522,0.0,1
0,0,0,0,1,0,0,1,0,0,0,0,0,0,85,39,19.434782608695652,47.73913043478261,25.442028985507246,,26.391304347826086,52.78260869565217,34.78913043478261,,2.960869565217391,0.0,1
0,0,0,0,1,0,0,0,1,0,0,0,0,0,85,40,28.17391304347826,52.73913043478261,32.04927536231884,,19.434782608695652,47.73913043478261,25.442028985507246,,3.2195652173913043,0.0,1
0,0,0,0,1,0,0,0,0,1,0,0,0,0,85,41,36.34782608695652,57.523809523809526,39.73913043478261,,28.17391304347826,52.73913043478261,32.04927536231884,,4.3847826086956525,0.0,1
0,0,0,0,1,0,0,0,0,0,1,0,0,0,85,42,29.91304347826087,51.56521739130435,34.28115942028985,,36.34782608695652,57.523809523809526,39.73913043478261,,4.558695652173912,0.0,1
0,0,0,0,1,0,0,0,0,0,0,1,0,0,85,43,26.82608695652174,48.130434782608695,30.857971014492755,,29.91304347826087,51.56521739130435,34.28115942028985,,3.768478260869565,0.0,1
0,0,0,0,1,0,0,0,0,0,0,0,1,0,85,44,24.565217391304348,53.608695652173914,30.314492753623185,,26.82608695652174,48.130434782608695,30.857971014492755,,3.5815217391304346,0.0,1
0,0,0,0,1,0,0,0,0,0,0,0,0,1,85,45,23.043478260869566,47.69565217391305,28.72753623188406,,24.565217391304348,53.608695652173914,30.314492753623185,,3.402173913043478,0.0,1
0,0,0,0,1,0,0,1,0,0,0,0,0,0,85,46,16.565217391304348,41.52173913043478,22.623188405797098,,23.043478260869566,47.69565217391305,28.72753623188406,,5.875,0.0,1
0,0,0,0,1,0,0,0,1,0,0,0,0,0,85,47,22.304347826086957,51.130434782608695,28.328985507246376,,16.565217391304348,41.52173913043478,22.623188405797098,,3.851086956521739,0.0,1
0,0,0,0,1,0,0,0,0,1,0,0,0,0,85,48,24.73913043478261,53.73913043478261,29.76086956521739,,22.304347826086957,51.130434782608695,28.328985507246376,,3.9010869565217394,0.0,1
0,0,0,0,1,0,0,0,0,0,1,0,0,0,85,49,26.17391304347826,53.130434782608695,31.27246376811594,,24.73913043478261,53.73913043478261,29.76086956521739,,3.0836956521739127,0.0,1
0,0,0,0,1,0,0,0,0,0,0,1,0,0,85,50,33.30434782608695,52.73913043478261,37.97101449275362,,26.17391304347826,53.130434782608695,31.27246376811594,,2.8630434782608694,0.03260869565217391,1
0,0,0,0,1,0,0,0,0,0,0,0,1,0,85,51,29.82608695652174,39.73913043478261,33.10144927536231,,33.30434782608695,52.73913043478261,37.97101449275362,,5.159782608695652,0.03260869565217391,1
0,0,0,0,1,0,0,0,0,0,0,0,0,1,85,52,30.17391304347826,35.30434782608695,33.904347826086955,,29.82608695652174,39.73913043478261,33.10144927536231,,7.039130434782609,0.0,0
0,0,0,0,1,0,0,1,0,0,0,0,0,0,85,53,38.17391304347826,29.695652173913043,43.01449275362319,,30.17391304347826,35.30434782608695,33.904347826086955,,7.280434782608695,0.017391304347826087,0
0,0,0,0,1,0,0,0,1,0,0,0,0,0,85,54,36.69565217391305,37.73913043478261,42.017391304347825,,38.17391304347826,29.695652173913043,43.01449275362319,,8.421739130434782,0.006521739130434784,1
0,0,0,0,1,0,0,0,0,1,0,0,0,0,85,55,33.17391304347826,43.08695652173913,37.56521739130435,,36.69565217391305,37.73913043478261,42.017391304347825,,8.251086956521739,0.034782608695652174,1
0,0,0,0,1,0,0,0,0,0,1,0,0,0,85,56,21.217391304347824,32.65217391304348,24.79710144927536,,33.17391304347826,43.08695652173913,37.56521739130435,,8.717391304347826,0.3826086956521739,1
0,0,0,0,1,0,0,0,0,0,0,1,0,0,85,57,3.0869565217391304,15.0,13.26086956521739,,21.217391304347824,32.65217391304348,24.79710144927536,,6.831521739130435,0.5695652173913043,1
0,0,0,0,1,0,0,0,0,0,0,0,1,0,85,58,11.173913043478262,35.56521739130435,20.090579710144926,,3.0869565217391304,15.0,13.26086956521739,,6.779347826086957,0.0,1
0,0,0,0,1,0,0,0,0,0,0,0,0,1,85,59,19.695652173913043,31.73913043478261,21.492753623188406,,11.173913043478262,35.56521739130435,20.090579710144926,,5.143478260869565,0.002173913043478261,1
0,0,0,0,1,0,0,1,0,0,0,0,0,0,85,60,19.0,32.08695652173913,20.702898550724637,,19.695652173913043,31.73913043478261,21.492753623188406,,6.281521739130435,0.1108695652173913,1
0,0,0,0,1,0,0,0,1,0,0,0,0,0,85,61,11.714285714285714,30.57894736842105,19.79365079365079,,19.0,32.08695652173913,20.702898550724637,,3.2785714285714285,0.0,1
0,0,0,0,0,1,0,0,0,0,0,0,1,0,203,2,25.82608695652174,25.956521739130434,36.59130434782609,59.18340308892101,,,,,14.167391304347827,0.0,0
0,0,0,0,0,1,0,0,0,0,0,0,0,1,203,3,34.95652173913044,30.17391304347826,53.56521739130435,62.683298686061555,25.82608695652174,25.956521739130434,36.59130434782609,59.18340308892101,13.384782608695653,0.004347826086956522,1
0,0,0,0,0,1,0,1,0,0,0,0,0,0,203,4,19.652173913043477,24.47826086956522,32.17173913043479,59.029711157431464,34.95652173913044,30.17391304347826,53.56521739130435,62.683298686061555,14.197826086956523,0.09565217391304348,1
0,0,0,0,0,1,0,0,1,0,0,0,0,0,203,5,6.434782608695652,29.304347826086957,15.793478260869565,82.84114316431382,19.652173913043477,24.47826086956522,32.17173913043479,59.029711157431464,9.518478260869566,0.06521739130434782,1
0,0,0,0,0,1,0,0,0,1,0,0,0,0,203,6,10.217391304347826,29.652173913043477,18.03623188405797,86.31415382174283,6.434782608695652,29.304347826086957,15.793478260869565,82.84114316431382,11.057608695652174,0.0,1
0,0,0,0,0,1,0,0,0,0,1,0,0,0,203,7,10.652173913043478,25.217391304347824,16.67391304347826,83.38253277019484,10.217391304347826,29.652173913043477,18.03623188405797,86.31415382174283,11.018478260869566,0.0,1
0,0,0,0,0,1,0,0,0,0,0,1,0,0,203,8,14.26086956521739,27.347826086956523,21.669565217391302,85.28253152014223,10.652173913043478,25.217391304347824,16.67391304347826,83.38253277019484,11.056521739130435,0.0,1
0,0,0,0,0,1,0,0,0,0,0,0,1,0,203,9,20.91304347826087,31.0,32.69565217391305,80.9767805439803,14.26086956521739,27.347826086956523,21.669565217391302,85.28253152014223,11.514130434782608,0.02608695652173913,1
0,0,0,0,0,1,0,0,0,0,0,0,0,1,203,10,14.869565217391305,23.19047619047619,23.66304347826087,69.63319084555805,20.91304347826087,31.0,32.69565217391305,80.9767805439803,10.804347826086957,0.3,1
0,0,0,0,0,1,0,1,0,0,0,0,0,0,203,11,4.913043478260869,16.26086956521739,10.467391304347826,60.57817551518578,14.869565217391305,23.19047619047619,23.66304347826087,69.63319084555805,8.238043478260868,0.0,1
0,0,0,0,0,1,0,0,1,0,0,0,0,0,203,12,3.1739130434782608,10.695652173913043,17.304347826086957,75.16044492558203,4.913043478260869,16.26086956521739,10.467391304347826,60.57817551518578,12.704347826086956,0.0,1
0,0,0,0,0,1,0,0,0,1,0,0,0,0,203,13,10.478260869565217,32.34782608695652,22.89782608695652,75.18497015710791,3.1739130434782608,10.695652173913043,17.304347826086957,75.16044492558203,10.091304347826087,0.0,1
0,0,0,0,0,1,0,0,0,0,1,0,0,0,203,14,21.0,41.391304347826086,34.7927536231884,73.91892126472108,10.478260869565217,32.34782608695652,22.89782608695652,75.18497015710791,9.925,0.0,0
0,0,0,0,0,1,0,0,0,0,0,1,0,0,203,15,25.91304347826087,42.56521739130435,41.582608695652176,75.34455292533099,21.0,41.391304347826086,34.7927536231884,73.91892126472108,9.158695652173913,0.08043478260869565,1
0,0,0,0,0,1,0,0,0,0,0,0,1,0,203,16,7.521739130434782,25.434782608695652,14.456521739130435,73.90484137790577,25.91304347826087,42.56521739130435,41.582608695652176,75.34455292533099,8.079347826086956,0.021739130434782608,1
0,0,0,0,0,1,0,0,0,0,0,0,0,1,203,17,12.130434782608695,27.956521739130434,18.456521739130434,67.92187130161132,7.521739130434782,25.434782608695652,14.456521739130435,73.90484137790577,8.666304347826086,0.0,1
0,0,0,0,0,1,0,1,0,0,0,0,0,0,203,18,11.782608695652174,17.043478260869566,15.826086956521738,61.52148709205683,12.130434782608695,27.956521739130434,18.456521739130434,67.92187130161132,9.5,0.0,1
0,0,0,0,0,1,0,0,1,0,0,0,0,0,203,19,11.173913043478262,28.217391304347824,17.608695652173914,70.22227820532584,11.782608695652174,17.043478260869566,15.826086956521738,61.52148709205683,8.818478260869565,0.0,1
0,0,0,0,0,1,0,0,0,1,0,0,0,0,203,20,15.652173913043478,30.217391304347824,25.82608695652174,73.53869001669625,11.173913043478262,28.217391304347824,17.608695652173914,70.22227820532584,8.809782608695652,0.058695652173913045,1
0,0,0,0,0,1,0,0,0,0,1,0,0,0,203,21,12.434782608695652,37.26086956521739,22.6231884057971,71.21990849488438,15.652173913043478,30.217391304347824,25.82608695652174,73.53869001669625,9.130434782608695,0.1217391304347826,1
0,0,0,0,0,1,0,0,0,0,0,1,0,0,203,22,9.91304347826087,36.0,17.93840579710145,82.05856267057202,12.434782608695652,37.26086956521739,22.6231884057971,71.21990849488438,6.435869565217391,0.19999999999999998,1
0,0,0,0,0,1,0,0,0,0,0,0,1,0,203,23,6.913043478260869,33.08695652173913,17.01086956521739,79.99540913868277,9.91304347826087,36.0,17.93840579710145,82.05856267057202,3.981521739130435,0.07608695652173914,1
0,0,0,0,0,1,0,0,0,0,0,0,0,1,203,24,9.217391304347826,30.434782608695652,17.257246376811594,74.9975376278421,6.913043478260869,33.08695652173913,17.01086956521739,79.99540913868277,5.9913043478260875,0.06956521739130435,1
0,0,0,0,0,1,0,1,0,0,0,0,0,0,203,25,15.347826086956522,33.17391304347826,26.97826086956522,66.50812981298724,9.217391304347826,30.434782608695652,17.257246376811594,74.9975376278421,7.3478260869565215,0.004347826086956522,1
0,0,0,0,0,1,0,0,1,0,0,0,0,0,203,26,4.0476190476190474,16.15,14.797101449275361,78.42550957482509,15.347826086956522,33.17391304347826,26.97826086956522,66.50812981298724,7.109782608695652,0.0,1
0,0,0,0,0,1,0,0,0,1,0,0,0,0,203,27,4.173913043478261,13.217391304347826,16.706521739130434,82.16348776846203,4.0476190476190474,16.15,14.797101449275361,78.42550957482509,5.001086956521739,0.0,1
0,0,0,0,0,1,0,0,0,0,1,0,0,0,203,28,9.434782608695652,28.652173913043477,18.41304347826087,84.70750513276606,4.173913043478261,13.217391304347826,16.706521739130434,82.16348776846203,2.91195652173913,0.0,1
0,0,0,0,0,1,0,0,0,0,0,1,0,0,203,29,22.391304347826086,50.43478260869565,38.4,83.30715215252584,9.434782608695652,28.652173913043477,18.41304347826087,84.70750513276606,0.7510869565217391,0.0,0
0,0,0,0,0,1,0,0,0,0,0,0,1,0,203,30,24.47826086956522,52.56521739130435,41.982608695652175,80.17735288626888,22.391304347826086,50.43478260869565,38.4,83.30715215252584,1.5804347826086957,0.0,0
0,0,0,0,0,1,0,0,0,0,0,0,0,1,203,31,40.95652173913044,64.34782608695652,68.97391304347826,72.2819673177756,24.47826086956522,52.56521739130435,41.982608695652175,80.17735288626888,2.6858695652173914,0.0,1
0,0,0,0,0,1,0,1,0,0,0,0,0,0,203,32,15.869565217391305,32.130434782608695,24.6268115942029,68.29902175722518,40.95652173913044,64.34782608695652,68.97391304347826,72.2819673177756,2.1695652173913045,0.0,1
0,0,0,0,0,1,0,0,1,0,0,0,0,0,203,33,15.130434782608695,41.91304347826087,26.11304347826087,81.0115728854566,15.869565217391305,32.130434782608695,24.6268115942029,68.29902175722518,3.9336956521739133,0.0,0
0,0,0,0,0,1,0,0,0,1,0,0,0,0,203,34,29.391304347826086,67.04347826086956,50.52463768115942,82.53227714285401,15.130434782608695,41.91304347826087,26.11304347826087,81.0115728854566,1.8967391304347827,0.0,1
0,0,0,0,0,1,0,0,0,0,1,0,0,0,203,35,17.652173913043477,46.17391304347826,27.333333333333332,82.97682322425156,29.391304347826086,67.04347826086956,50.52463768115942,82.53227714285401,3.106521739130435,0.0,1
0,0,0,0,0,1,0,0,0,0,0,1,0,0,203,36,22.391304347826086,57.69565217391305,34.437681159420286,84.16003468868166,17.652173913043477,46.17391304347826,27.333333333333332,82.97682322425156,3.7619565217391306,0.0,0
0,0,0,0,0,1,0,0,0,0,0,0,1,0,203,37,32.0,68.14285714285714,54.626086956521746,78.79403281030197,22.391304347826086,57.69565217391305,34.437681159420286,84.16003468868166,2.5565217391304347,0.0,0
0,0,0,0,0,1,0,0,0,0,0,0,0,1,203,38,26.869565217391305,82.69565217391305,43.95072463768116,68.55745659076842,32.0,68.14285714285714,54.626086956521746,78.79403281030197,3.039130434782609,0.0,0
0,0,0,0,0,1,0,1,0,0,0,0,0,0,203,39,26.130434782608695,66.91304347826087,42.5536231884058,69.4461758634138,26.869565217391305,82.69565217391305,43.95072463768116,68.55745659076842,1.1597826086956522,0.0,0
0,0,0,0,0,1,0,0,1,0,0,0,0,0,203,40,27.26086956521739,66.82608695652173,46.50434782608695,75.55805257366048,26.130434782608695,66.91304347826087,42.5536231884058,69.4461758634138,1.7076086956521739,0.0,0
0,0,0,0,0,1,0,0,0,1,0,0,0,0,203,41,35.69565217391305,75.04347826086956,57.65217391304348,71.82645977198456,27.26086956521739,66.82608695652173,46.50434782608695,75.55805257366048,3.3902173913043474,0.0,0
0,0,0,0,0,1,0,0,0,0,1,0,0,0,203,42,35.82608695652174,74.95652173913044,57.5304347826087,92.01085027969727,35.69565217391305,75.04347826086956,57.65217391304348,71.82645977198456,2.8413043478260867,0.0,0
0,0,0,0,0,1,0,0,0,0,0,1,0,0,203,43,31.782608695652176,67.52173913043478,52.10434782608696,79.17238755156177,35.82608695652174,74.95652173913044,57.5304347826087,92.01085027969727,2.651086956521739,0.0,1
0,0,0,0,0,1,0,0,0,0,0,0,1,0,203,44,25.130434782608695,61.82608695652174,39.69275362318841,78.48193742787409,31.782608695652176,67.52173913043478,52.10434782608696,79.17238755156177,2.926086956521739,0.0,1
0,0,0,0,0,1,0,0,0,0,0,0,0,1,203,45,21.91304347826087,56.04347826086956,35.33623188405797,68.6312622581497,25.130434782608695,61.82608695652174,39.69275362318841,78.48193742787409,2.992391304347826,0.0,1
0,0,0,0,0,1,0,1,0,0,0,0,0,0,203,46,22.434782608695652,57.82608695652174,39.34782608695652,70.16405602125492,21.91304347826087,56.04347826086956,35.33623188405797,68.6312622581497,3.7021739130434783,0.0,1
0,0,0,0,0,1,0,0,1,0,0,0,0,0,203,47,18.347826086956523,55.73913043478261,31.93188405797101,75.96252391898788,22.434782608695652,57.82608695652174,39.34782608695652,70.16405602125492,3.260869565217391,0.0,0
0,0,0,0,0,1,0,0,0,1,0,0,0,0,203,48,25.565217391304348,66.73913043478261,40.733333333333334,78.19393631923488,18.347826086956523,55.73913043478261,31.93188405797101,75.96252391898788,2.596739130434783,0.0,0
0,0,0,0,0,1,0,0,0,0,1,0,0,0,203,49,26.91304347826087,68.3913043478261,41.02608695652174,78.58171607204952,25.565217391304348,66.73913043478261,40.733333333333334,78.19393631923488,2.1380434782608693,0.0,0
0,0,0,0,0,1,0,0,0,0,0,1,0,0,203,50,34.8421052631579,78.65,52.8031746031746,77.34915620950535,26.91304347826087,68.3913043478261,41.02608695652174,78.58171607204952,0.49404761904761907,0.011904761904761904,0
0,0,0,0,0,1,0,0,0,0,0,0,1,0,203,51,42.08695652173913,64.1304347826087,70.29565217391304,75.62483556740396,34.8421052631579,78.65,52.8031746031746,77.34915620950535,2.832608695652174,0.015217391304347825,0
0,0,0,0,0,1,0,0,0,0,0,0,0,1,203,52,58.82608695652174,72.26086956521739,83.40869565217392,67.52743416032648,42.08695652173913,64.1304347826087,70.29565217391304,75.62483556740396,4.815217391304348,0.0,0
0,0,0,0,0,1,0,1,0,0,0,0,0,0,203,53,65.95652173913044,69.0,100.0,69.19166784926436,58.82608695652174,72.26086956521739,83.40869565217392,67.52743416032648,5.664130434782609,0.01956521739130435,0
0,0,0,0,0,1,0,0,1,0,0,0,0,0,203,54,51.82608695652174,54.95652173913044,74.19130434782609,69.06237776356136,65.95652173913044,69.0,100.0,69.19166784926436,6.721739130434782,0.0,0
0,0,0,0,0,1,0,0,0,1,0,0,0,0,203,55,42.34782608695652,49.56521739130435,68.0,68.79467336439795,51.82608695652174,54.95652173913044,74.19130434782609,69.06237776356136,7.239130434782608,0.026086956521739136,0
0,0,0,0,0,1,0,0,0,0,1,0,0,0,203,56,23.82608695652174,49.130434782608695,46.50434782608695,61.851481589694906,42.34782608695652,49.56521739130435,68.0,68.79467336439795,7.591304347826087,0.17608695652173917,1
0,0,0,0,0,1,0,0,0,0,0,1,0,0,203,57,4.521739130434782,14.347826086956522,12.195652173913043,64.4019931690659,23.82608695652174,49.130434782608695,46.50434782608695,61.851481589694906,5.235869565217391,0.5130434782608696,1
0,0,0,0,0,1,0,0,0,0,0,0,1,0,203,58,8.652173913043478,32.391304347826086,19.644927536231883,67.22390668019558,4.521739130434782,14.347826086956522,12.195652173913043,64.4019931690659,6.313043478260869,0.0,1
0,0,0,0,0,1,0,0,0,0,0,0,0,1,203,59,17.608695652173914,39.391304347826086,33.40869565217391,64.41175313112942,8.652173913043478,32.391304347826086,19.644927536231883,67.22390668019558,3.6532608695652176,0.0,1
0,0,0,0,0,1,0,1,0,0,0,0,0,0,203,60,20.52173913043478,38.91304347826087,37.11304347826087,64.39033361219953,17.608695652173914,39.391304347826086,33.40869565217391,64.41175313112942,5.020652173913043,0.058695652173913045,1
0,0,0,0,0,1,0,0,1,0,0,0,0,0,203,61,8.565217391304348,29.91304347826087,17.231884057971012,66.4594439415478,20.52173913043478,38.91304347826087,37.11304347826087,64.39033361219953,4.571739130434783,0.0,1
0,0,0,0,0,0,1,0,0,0,0,0,1,0,194,2,33.869565217391305,37.608695652173914,37.68115942028985,50.56202636777849,,,,,14.153260869565216,0.0,0
0,0,0,0,0,0,1,0,0,0,0,0,0,1,194,3,38.95652173913044,44.30434782608695,45.234782608695646,55.544790919200615,33.869565217391305,37.608695652173914,37.68115942028985,50.56202636777849,13.73913043478261,0.0,1
0,0,0,0,0,0,1,1,0,0,0,0,0,0,194,4,17.956521739130434,29.043478260869566,24.53478260869565,48.7154040182738,38.95652173913044,44.30434782608695,45.234782608695646,55.544790919200615,14.180434782608694,0.08043478260869566,1
0,0,0,0,0,0,1,0,1,0,0,0,0,0,194,5,8.434782608695652,41.42857142857143,19.68840579710145,85.16687781738317,17.956521739130434,29.043478260869566,24.53478260869565,48.7154040182738,9.165217391304349,0.02826086956521739,1
0,0,0,0,0,0,1,0,0,1,0,0,0,0,194,6,19.52173913043478,46.82608695652174,25.25072463768116,82.25907488029112,8.434782608695652,41.42857142857143,19.68840579710145,85.16687781738317,10.957608695652175,0.0,1
0,0,0,0,0,0,1,0,0,0,1,0,0,0,194,7,12.391304347826088,38.52173913043478,19.644927536231883,81.50915469815038,19.52173913043478,46.82608695652174,25.25072463768116,82.25907488029112,10.967391304347826,0.0,1
0,0,0,0,0,0,1,0,0,0,0,1,0,0,194,8,28.17391304347826,49.82608695652174,32.13623188405797,80.53213316598291,12.391304347826088,38.52173913043478,19.644927536231883,81.50915469815038,10.228260869565217,0.0,1
0,0,0,0,0,0,1,0,0,0,0,0,1,0,194,9,28.434782608695652,42.73913043478261,30.846376811594205,86.6364101778659,28.17391304347826,49.82608695652174,32.13623188405797,80.53213316598291,10.738043478260868,0.004347826086956522,1
0,0,0,0,0,0,1,0,0,0,0,0,0,1,194,10,16.82608695652174,34.391304347826086,24.094202898550723,64.05218157356175,28.434782608695652,42.73913043478261,30.846376811594205,86.6364101778659,10.613043478260868,0.26521739130434785,1
0,0,0,0,0,0,1,1,0,0,0,0,0,0,194,11,7.782608695652174,26.91304347826087,13.405797101449275,50.420473573600475,16.82608695652174,34.391304347826086,24.094202898550723,64.05218157356175,7.528260869565218,0.0,1
0,0,0,0,0,0,1,0,1,0,0,0,0,0,194,12,2.608695652173913,7.391304347826087,3.782608695652174,86.07844382954666,7.782608695652174,26.91304347826087,13.405797101449275,50.420473573600475,12.5,0.0,1
0,0,0,0,0,0,1,0,0,1,0,0,0,0,194,13,19.217391304347824,48.04347826086956,28.153623188405795,83.43686605566943,2.608695652173913,7.391304347826087,3.782608695652174,86.07844382954666,9.104347826086956,0.0,1
0,0,0,0,0,0,1,0,0,0,1,0,0,0,194,14,34.52173913043478,66.69565217391305,37.22608695652173,85.60065451499655,19.217391304347824,48.04347826086956,28.153623188405795,83.43686605566943,9.220652173913043,0.0,1
0,0,0,0,0,0,1,0,0,0,0,1,0,0,194,15,32.34782608695652,57.608695652173914,36.39420289855072,87.28536050366621,34.52173913043478,66.69565217391305,37.22608695652173,85.60065451499655,7.760869565217392,0.13478260869565217,1
0,0,0,0,0,0,1,0,0,0,0,0,1,0,194,16,11.173913043478262,44.43478260869565,20.68840579710145,84.29711338494542,32.34782608695652,57.608695652173914,36.39420289855072,87.28536050366621,7.561956521739131,0.058695652173913045,1
0,0,0,0,0,0,1,0,0,0,0,0,0,1,194,17,20.956521739130434,39.78260869565217,25.715942028985502,57.98884920685545,11.173913043478262,44.43478260869565,20.68840579710145,84.29711338494542,7.841304347826087,0.0,1
0,0,0,0,0,0,1,1,0,0,0,0,0,0,194,18,11.956521739130435,28.869565217391305,14.471014492753623,51.79257095015994,20.956521739130434,39.78260869565217,25.715942028985502,57.98884920685545,9.339130434782609,0.0,1
0,0,0,0,0,0,1,0,1,0,0,0,0,0,194,19,17.26086956521739,36.91304347826087,19.681159420289852,87.63848789224906,11.956521739130435,28.869565217391305,14.471014492753623,51.79257095015994,8.792391304347825,0.0,1
0,0,0,0,0,0,1,0,0,1,0,0,0,0,194,20,25.52173913043478,39.0,27.52173913043478,90.36334336337568,17.26086956521739,36.91304347826087,19.681159420289852,87.63848789224906,8.258695652173913,0.07608695652173914,1
0,0,0,0,0,0,1,0,0,0,1,0,0,0,194,21,17.352941176470587,49.125,19.758412698412695,84.95052973011184,25.52173913043478,39.0,27.52173913043478,90.36334336337568,8.90952380952381,0.13571428571428573,1
0,0,0,0,0,0,1,0,0,0,0,1,0,0,194,22,16.434782608695652,58.52173913043478,25.543478260869566,91.89033221717374,17.352941176470587,49.125,19.758412698412695,84.95052973011184,6.283695652173913,0.19999999999999998,1
0,0,0,0,0,0,1,0,0,0,0,0,1,0,194,23,18.347826086956523,57.95652173913044,26.362318840579707,85.70092928473883,16.434782608695652,58.52173913043478,25.543478260869566,91.89033221717374,3.678260869565217,0.030434782608695653,1
0,0,0,0,0,0,1,0,0,0,0,0,0,1,194,24,26.91304347826087,60.0,33.17536231884058,65.86516818426651,18.347826086956523,57.95652173913044,26.362318840579707,85.70092928473883,6.4195652173913045,0.0,1
0,0,0,0,0,0,1,1,0,0,0,0,0,0,194,25,30.565217391304348,40.69565217391305,35.51449275362319,53.422945154788074,26.91304347826087,60.0,33.17536231884058,65.86516818426651,7.264130434782608,0.0,1
0,0,0,0,0,0,1,0,1,0,0,0,0,0,194,26,7.565217391304348,31.130434782608695,14.434782608695652,85.38588859316872,30.565217391304348,40.69565217391305,35.51449275362319,53.422945154788074,6.014130434782608,0.0,1
0,0,0,0,0,0,1,0,0,1,0,0,0,0,194,27,6.173913043478261,19.391304347826086,10.007246376811594,88.16375573075489,7.565217391304348,31.130434782608695,14.434782608695652,85.38588859316872,4.310869565217391,0.0,1
0,0,0,0,0,0,1,0,0,0,1,0,0,0,194,28,22.545454545454547,52.47826086956522,27.934782608695652,89.86040812118006,6.173913043478261,19.391304347826086,10.007246376811594,88.16375573075489,1.6445652173913046,0.0,0
0,0,0,0,0,0,1,0,0,0,0,1,0,0,194,29,40.04347826086956,87.17391304347827,41.98840579710145,89.36536552038038,22.545454545454547,52.47826086956522,27.934782608695652,89.86040812118006,-0.6532608695652175,0.0,0
0,0,0,0,0,0,1,0,0,0,0,0,1,0,194,30,43.391304347826086,88.30434782608695,46.54202898550725,86.63555001296662,40.04347826086956,87.17391304347827,41.98840579710145,89.36536552038038,0.2858695652173912,0.0,0
0,0,0,0,0,0,1,0,0,0,0,0,0,1,194,31,49.34782608695652,77.43478260869566,55.3159420289855,66.08520516607489,43.391304347826086,88.30434782608695,46.54202898550725,86.63555001296662,1.7826086956521738,0.0,1
0,0,0,0,0,0,1,1,0,0,0,0,0,0,194,32,18.608695652173914,47.78260869565217,23.88405797101449,51.63931347626441,49.34782608695652,77.43478260869566,55.3159420289855,66.08520516607489,2.2978260869565217,0.0,0
0,0,0,0,0,0,1,0,1,0,0,0,0,0,194,33,38.34782608695652,89.08695652173913,42.43623188405797,87.17320793212365,18.608695652173914,47.78260869565217,23.88405797101449,51.63931347626441,2.8097826086956523,0.0,0
0,0,0,0,0,0,1,0,0,1,0,0,0,0,194,34,51.08695652173913,103.3,52.91304347826087,89.69979082068281,38.34782608695652,89.08695652173913,42.43623188405797,87.17320793212365,-0.020652173913043442,0.0,0
0,0,0,0,0,0,1,0,0,0,1,0,0,0,194,35,41.34782608695652,84.26086956521739,44.86666666666667,89.76462972501103,51.08695652173913,103.3,52.91304347826087,89.69979082068281,0.625,0.0,0
0,0,0,0,0,0,1,0,0,0,0,1,0,0,194,36,47.82608695652174,104.3913043478261,49.095652173913045,90.29906895842768,41.34782608695652,84.26086956521739,44.86666666666667,89.76462972501103,1.9456521739130435,0.0,0
0,0,0,0,0,0,1,0,0,0,0,0,1,0,194,37,43.391304347826086,95.73913043478261,50.29855072463768,86.53913026859752,47.82608695652174,104.3913043478261,49.095652173913045,90.29906895842768,2.134782608695652,0.0,0
0,0,0,0,0,0,1,0,0,0,0,0,0,1,194,38,44.69565217391305,115.95652173913044,52.11594202898551,63.75813664676144,43.391304347826086,95.73913043478261,50.29855072463768,86.53913026859752,1.2739130434782608,0.0,0
0,0,0,0,0,0,1,1,0,0,0,0,0,0,194,39,38.04347826086956,80.95652173913044,42.54492753623188,54.035151067752,44.69565217391305,115.95652173913044,52.11594202898551,63.75813664676144,-0.8728260869565219,0.0,0
0,0,0,0,0,0,1,0,1,0,0,0,0,0,194,40,39.130434782608695,79.69565217391305,41.97681159420289,92.55561165739203,38.04347826086956,80.95652173913044,42.54492753623188,54.035151067752,-0.2195652173913043,0.0,0
0,0,0,0,0,0,1,0,0,1,0,0,0,0,194,41,58.56521739130435,114.56521739130434,58.79420289855072,89.23232189866438,39.130434782608695,79.69565217391305,41.97681159420289,92.55561165739203,1.2793478260869566,0.0,0
0,0,0,0,0,0,1,0,0,0,1,0,0,0,194,42,61.869565217391305,101.30434782608695,60.678260869565214,90.46632681811784,58.56521739130435,114.56521739130434,58.79420289855072,89.23232189866438,0.3108695652173913,0.0,0
0,0,0,0,0,0,1,0,0,0,0,1,0,0,194,43,48.91304347826087,87.08695652173913,50.12173913043478,83.06891893792445,61.869565217391305,101.30434782608695,60.678260869565214,90.46632681811784,0.2565217391304348,0.0,0
0,0,0,0,0,0,1,0,0,0,0,0,1,0,194,44,48.47826086956522,89.1304347826087,48.30144927536232,88.22408815354926,48.91304347826087,87.08695652173913,50.12173913043478,83.06891893792445,0.8380434782608696,0.0,0
0,0,0,0,0,0,1,0,0,0,0,0,0,1,194,45,42.08695652173913,82.78260869565217,43.69565217391305,63.046715112854194,48.47826086956522,89.1304347826087,48.30144927536232,88.22408815354926,0.6728260869565217,0.0,1
0,0,0,0,0,0,1,1,0,0,0,0,0,0,194,46,30.304347826086957,74.43478260869566,36.81739130434782,52.672068358034565,42.08695652173913,82.78260869565217,43.69565217391305,63.046715112854194,2.725,0.0,0
0,0,0,0,0,0,1,0,1,0,0,0,0,0,194,47,44.95652173913044,89.1304347826087,45.6231884057971,87.2259753511294,30.304347826086957,74.43478260869566,36.81739130434782,52.672068358034565,0.8489130434782609,0.0,0
0,0,0,0,0,0,1,0,0,1,0,0,0,0,194,48,50.73913043478261,91.56521739130434,50.59130434782608,89.70842582216939,44.95652173913044,89.1304347826087,45.6231884057971,87.2259753511294,-0.20108695652173914,0.0,0
0,0,0,0,0,0,1,0,0,0,1,0,0,0,194,49,45.130434782608695,88.6086956521739,48.188405797101446,89.93059902073729,50.73913043478261,91.56521739130434,50.59130434782608,89.70842582216939,0.08260869565217384,0.0,0
0,0,0,0,0,0,1,0,0,0,0,1,0,0,194,50,50.82608695652174,87.65217391304348,57.77391304347826,94.54569046236125,45.130434782608695,88.6086956521739,48.188405797101446,89.93059902073729,-0.9369565217391305,0.008695652173913044,0
0,0,0,0,0,0,1,0,0,0,0,0,1,0,194,51,54.95,82.5,59.55333333333333,81.94506259327058,50.82608695652174,87.65217391304348,57.77391304347826,94.54569046236125,1.92,0.025,0
0,0,0,0,0,0,1,0,0,0,0,0,0,1,194,52,77.26086956521739,98.52173913043478,74.0,65.27394870652601,54.95,82.5,59.55333333333333,81.94506259327058,3.845652173913044,0.0,0
0,0,0,0,0,0,1,1,0,0,0,0,0,0,194,53,69.78260869565217,76.6086956521739,68.74782608695652,58.94537666411363,77.26086956521739,98.52173913043478,74.0,65.27394870652601,5.253260869565217,0.0,0
0,0,0,0,0,0,1,0,1,0,0,0,0,0,194,54,59.43478260869565,78.56521739130434,62.881159420289855,82.54153388392965,69.78260869565217,76.6086956521739,68.74782608695652,58.94537666411363,6.342391304347826,0.0,0
0,0,0,0,0,0,1,0,0,1,0,0,0,0,194,55,47.82608695652174,72.08695652173913,52.84347826086956,68.4589718085918,59.43478260869565,78.56521739130434,62.881159420289855,82.54153388392965,7.3489130434782615,0.008695652173913044,1
0,0,0,0,0,0,1,0,0,0,1,0,0,0,194,56,18.0,53.34782608695652,24.57971014492753,52.269731453247104,47.82608695652174,72.08695652173913,52.84347826086956,68.4589718085918,8.548913043478262,0.2760869565217391,1
0,0,0,0,0,0,1,0,0,0,0,1,0,0,194,57,5.260869565217392,26.08695652173913,13.0,54.651643419913924,18.0,53.34782608695652,24.57971014492753,52.269731453247104,4.604347826086957,0.7434782608695653,1
0,0,0,0,0,0,1,0,0,0,0,0,1,0,194,58,16.782608695652176,50.04347826086956,25.68260869565217,67.62681475259288,5.260869565217392,26.08695652173913,13.0,54.651643419913924,6.196739130434783,0.0,1
0,0,0,0,0,0,1,0,0,0,0,0,0,1,194,59,27.869565217391305,50.26086956521739,31.42028985507246,58.82647025804185,16.782608695652176,50.04347826086956,25.68260869565217,67.62681475259288,2.7793478260869566,0.0,1
0,0,0,0,0,0,1,1,0,0,0,0,0,0,194,60,23.26086956521739,48.04347826086956,26.855072463768114,56.395637958656536,27.869565217391305,50.26086956521739,31.42028985507246,58.82647025804185,5.203260869565217,0.08260869565217392,1
0,0,0,0,0,0,1,0,1,0,0,0,0,0,194,61,18.565217391304348,54.78260869565217,27.927536231884055,67.83947029895215,23.26086956521739,48.04347826086956,26.855072463768114,56.395637958656536,3.869565217391304,0.0,1
